municipality_code,city_district,cadastral_area,year,car_count,truck_count,total_vehicles,_fact_loaded_at
Brno-Bohunice,Brno-Bohunice,Bohunice,2010,2,13,15,2026-01-12 01:35:11.492392
Brno-Bohunice,Brno-Bohunice,Bohunice,2011,2,13,15,2026-01-12 01:35:11.492392
Brno-Bohunice,Brno-Bohunice,Bohunice,2012,2,13,15,2026-01-12 01:35:11.492392
Brno-Bohunice,Brno-Bohunice,Bohunice,2013,2,13,15,2026-01-12 01:35:11.492392
Brno-Bohunice,Brno-Bohunice,Bohunice,2014,2,13,15,2026-01-12 01:35:11.492392
Brno-Bohunice,Brno-Bohunice,Bohunice,2015,2,13,15,2026-01-12 01:35:11.492392
Brno-Bohunice,Brno-Bohunice,Bohunice,2016,2,13,15,2026-01-12 01:35:11.492392
Brno-Bohunice,Brno-Bohunice,Bohunice,2017,2,12,14,2026-01-12 01:35:11.492392
Brno-Bohunice,Brno-Bohunice,Bohunice,2018,2,12,14,2026-01-12 01:35:11.492392
Brno-Bohunice,Brno-Bohunice,Bohunice,2019,2,12,14,2026-01-12 01:35:11.492392
Brno-Bohunice,Brno-Bohunice,Bohunice,2020,2,12,14,2026-01-12 01:35:11.492392
Brno-Bohunice,Brno-Bohunice,Bohunice,2021,2,12,14,2026-01-12 01:35:11.492392
Brno-Bohunice,Brno-Bohunice,Bohunice,2022,2,12,14,2026-01-12 01:35:11.492392
Brno-Bohunice,Brno-Bohunice,Bohunice,2023,2,12,14,2026-01-12 01:35:11.492392
Brno-Bohunice,Brno-Bohunice,Horní Heršpice,2010,6,8,14,2026-01-12 01:35:11.492392
Brno-Bohunice,Brno-Bohunice,Horní Heršpice,2011,5,8,13,2026-01-12 01:35:11.492392
Brno-Bohunice,Brno-Bohunice,Horní Heršpice,2012,5,8,13,2026-01-12 01:35:11.492392
Brno-Bohunice,Brno-Bohunice,Horní Heršpice,2013,4,9,13,2026-01-12 01:35:11.492392
Brno-Bohunice,Brno-Bohunice,Horní Heršpice,2014,4,9,13,2026-01-12 01:35:11.492392
Brno-Bohunice,Brno-Bohunice,Horní Heršpice,2015,4,10,14,2026-01-12 01:35:11.492392
Brno-Bohunice,Brno-Bohunice,Horní Heršpice,2016,4,10,14,2026-01-12 01:35:11.492392
Brno-Bohunice,Brno-Bohunice,Horní Heršpice,2017,5,7,12,2026-01-12 01:35:11.492392
Brno-Bohunice,Brno-Bohunice,Horní Heršpice,2018,5,7,12,2026-01-12 01:35:11.492392
Brno-Bohunice,Brno-Bohunice,Horní Heršpice,2019,6,9,15,2026-01-12 01:35:11.492392
Brno-Bohunice,Brno-Bohunice,Horní Heršpice,2020,5,9,14,2026-01-12 01:35:11.492392
Brno-Bohunice,Brno-Bohunice,Horní Heršpice,2021,5,7,12,2026-01-12 01:35:11.492392
Brno-Bohunice,Brno-Bohunice,Horní Heršpice,2022,5,7,12,2026-01-12 01:35:11.492392
Brno-Bohunice,Brno-Bohunice,Horní Heršpice,2023,5,10,15,2026-01-12 01:35:11.492392
Brno-Bohunice,Brno-Bohunice,Starý Lískovec,2010,6,7,13,2026-01-12 01:35:11.492392
Brno-Bohunice,Brno-Bohunice,Starý Lískovec,2011,6,7,13,2026-01-12 01:35:11.492392
Brno-Bohunice,Brno-Bohunice,Starý Lískovec,2012,7,7,14,2026-01-12 01:35:11.492392
Brno-Bohunice,Brno-Bohunice,Starý Lískovec,2013,7,7,14,2026-01-12 01:35:11.492392
Brno-Bohunice,Brno-Bohunice,Starý Lískovec,2014,7,7,14,2026-01-12 01:35:11.492392
Brno-Bohunice,Brno-Bohunice,Starý Lískovec,2015,7,7,14,2026-01-12 01:35:11.492392
Brno-Bohunice,Brno-Bohunice,Starý Lískovec,2016,8,7,15,2026-01-12 01:35:11.492392
Brno-Bohunice,Brno-Bohunice,Starý Lískovec,2017,9,8,17,2026-01-12 01:35:11.492392
Brno-Bohunice,Brno-Bohunice,Starý Lískovec,2018,9,8,17,2026-01-12 01:35:11.492392
Brno-Bohunice,Brno-Bohunice,Starý Lískovec,2019,9,8,17,2026-01-12 01:35:11.492392
Brno-Bohunice,Brno-Bohunice,Starý Lískovec,2020,9,8,17,2026-01-12 01:35:11.492392
Brno-Bohunice,Brno-Bohunice,Starý Lískovec,2021,9,8,17,2026-01-12 01:35:11.492392
Brno-Bohunice,Brno-Bohunice,Starý Lískovec,2022,9,8,17,2026-01-12 01:35:11.492392
Brno-Bohunice,Brno-Bohunice,Starý Lískovec,2023,9,8,17,2026-01-12 01:35:11.492392
Brno-Bohunice,Brno-Bohunice,Štýřice,2010,5,10,15,2026-01-12 01:35:11.492392
Brno-Bohunice,Brno-Bohunice,Štýřice,2011,5,10,15,2026-01-12 01:35:11.492392
Brno-Bohunice,Brno-Bohunice,Štýřice,2012,6,11,17,2026-01-12 01:35:11.492392
Brno-Bohunice,Brno-Bohunice,Štýřice,2013,6,11,17,2026-01-12 01:35:11.492392
Brno-Bohunice,Brno-Bohunice,Štýřice,2014,6,11,17,2026-01-12 01:35:11.492392
Brno-Bohunice,Brno-Bohunice,Štýřice,2015,6,11,17,2026-01-12 01:35:11.492392
Brno-Bohunice,Brno-Bohunice,Štýřice,2016,6,11,17,2026-01-12 01:35:11.492392
Brno-Bohunice,Brno-Bohunice,Štýřice,2017,6,11,17,2026-01-12 01:35:11.492392
Brno-Bohunice,Brno-Bohunice,Štýřice,2018,7,10,17,2026-01-12 01:35:11.492392
Brno-Bohunice,Brno-Bohunice,Štýřice,2019,7,10,17,2026-01-12 01:35:11.492392
Brno-Bohunice,Brno-Bohunice,Štýřice,2020,6,10,16,2026-01-12 01:35:11.492392
Brno-Bohunice,Brno-Bohunice,Štýřice,2021,6,10,16,2026-01-12 01:35:11.492392
Brno-Bohunice,Brno-Bohunice,Štýřice,2022,6,10,16,2026-01-12 01:35:11.492392
Brno-Bohunice,Brno-Bohunice,Štýřice,2023,6,10,16,2026-01-12 01:35:11.492392
Brno-Bosonohy,Brno-Bosonohy,Bosonohy,2010,3,12,15,2026-01-12 01:35:11.492392
Brno-Bosonohy,Brno-Bosonohy,Bosonohy,2011,3,12,15,2026-01-12 01:35:11.492392
Brno-Bosonohy,Brno-Bosonohy,Bosonohy,2012,4,12,16,2026-01-12 01:35:11.492392
Brno-Bosonohy,Brno-Bosonohy,Bosonohy,2013,4,12,16,2026-01-12 01:35:11.492392
Brno-Bosonohy,Brno-Bosonohy,Bosonohy,2014,4,12,16,2026-01-12 01:35:11.492392
Brno-Bosonohy,Brno-Bosonohy,Bosonohy,2015,4,12,16,2026-01-12 01:35:11.492392
Brno-Bosonohy,Brno-Bosonohy,Bosonohy,2016,4,12,16,2026-01-12 01:35:11.492392
Brno-Bosonohy,Brno-Bosonohy,Bosonohy,2017,5,11,16,2026-01-12 01:35:11.492392
Brno-Bosonohy,Brno-Bosonohy,Bosonohy,2018,5,11,16,2026-01-12 01:35:11.492392
Brno-Bosonohy,Brno-Bosonohy,Bosonohy,2019,5,11,16,2026-01-12 01:35:11.492392
Brno-Bosonohy,Brno-Bosonohy,Bosonohy,2020,4,11,15,2026-01-12 01:35:11.492392
Brno-Bosonohy,Brno-Bosonohy,Bosonohy,2021,4,10,14,2026-01-12 01:35:11.492392
Brno-Bosonohy,Brno-Bosonohy,Bosonohy,2022,4,10,14,2026-01-12 01:35:11.492392
Brno-Bosonohy,Brno-Bosonohy,Bosonohy,2023,4,10,14,2026-01-12 01:35:11.492392
Brno-Bosonohy,Brno-Bosonohy,Kohoutovice,2010,8,10,18,2026-01-12 01:35:11.492392
Brno-Bosonohy,Brno-Bosonohy,Kohoutovice,2011,8,10,18,2026-01-12 01:35:11.492392
Brno-Bosonohy,Brno-Bosonohy,Kohoutovice,2012,10,11,21,2026-01-12 01:35:11.492392
Brno-Bosonohy,Brno-Bosonohy,Kohoutovice,2013,10,11,21,2026-01-12 01:35:11.492392
Brno-Bosonohy,Brno-Bosonohy,Kohoutovice,2014,10,11,21,2026-01-12 01:35:11.492392
Brno-Bosonohy,Brno-Bosonohy,Kohoutovice,2015,10,11,21,2026-01-12 01:35:11.492392
Brno-Bosonohy,Brno-Bosonohy,Kohoutovice,2016,10,11,21,2026-01-12 01:35:11.492392
Brno-Bosonohy,Brno-Bosonohy,Kohoutovice,2017,11,10,21,2026-01-12 01:35:11.492392
Brno-Bosonohy,Brno-Bosonohy,Kohoutovice,2018,12,10,22,2026-01-12 01:35:11.492392
Brno-Bosonohy,Brno-Bosonohy,Kohoutovice,2019,12,10,22,2026-01-12 01:35:11.492392
Brno-Bosonohy,Brno-Bosonohy,Kohoutovice,2020,12,11,23,2026-01-12 01:35:11.492392
Brno-Bosonohy,Brno-Bosonohy,Kohoutovice,2021,12,11,23,2026-01-12 01:35:11.492392
Brno-Bosonohy,Brno-Bosonohy,Kohoutovice,2022,12,11,23,2026-01-12 01:35:11.492392
Brno-Bosonohy,Brno-Bosonohy,Kohoutovice,2023,12,11,23,2026-01-12 01:35:11.492392
Brno-Bosonohy,Brno-Bosonohy,Nový Lískovec,2010,8,8,16,2026-01-12 01:35:11.492392
Brno-Bosonohy,Brno-Bosonohy,Nový Lískovec,2011,8,8,16,2026-01-12 01:35:11.492392
Brno-Bosonohy,Brno-Bosonohy,Nový Lískovec,2012,8,8,16,2026-01-12 01:35:11.492392
Brno-Bosonohy,Brno-Bosonohy,Nový Lískovec,2013,8,8,16,2026-01-12 01:35:11.492392
Brno-Bosonohy,Brno-Bosonohy,Nový Lískovec,2014,8,8,16,2026-01-12 01:35:11.492392
Brno-Bosonohy,Brno-Bosonohy,Nový Lískovec,2015,8,8,16,2026-01-12 01:35:11.492392
Brno-Bosonohy,Brno-Bosonohy,Nový Lískovec,2016,8,8,16,2026-01-12 01:35:11.492392
Brno-Bosonohy,Brno-Bosonohy,Nový Lískovec,2017,8,8,16,2026-01-12 01:35:11.492392
Brno-Bosonohy,Brno-Bosonohy,Nový Lískovec,2018,9,14,23,2026-01-12 01:35:11.492392
Brno-Bosonohy,Brno-Bosonohy,Nový Lískovec,2019,9,14,23,2026-01-12 01:35:11.492392
Brno-Bosonohy,Brno-Bosonohy,Nový Lískovec,2020,9,14,23,2026-01-12 01:35:11.492392
Brno-Bosonohy,Brno-Bosonohy,Nový Lískovec,2021,9,14,23,2026-01-12 01:35:11.492392
Brno-Bosonohy,Brno-Bosonohy,Nový Lískovec,2022,9,14,23,2026-01-12 01:35:11.492392
Brno-Bosonohy,Brno-Bosonohy,Nový Lískovec,2023,9,14,23,2026-01-12 01:35:11.492392
Brno-Bystrc,Brno-Bystrc,Bystrc,2010,5,8,13,2026-01-12 01:35:11.492392
Brno-Bystrc,Brno-Bystrc,Bystrc,2011,5,8,13,2026-01-12 01:35:11.492392
Brno-Bystrc,Brno-Bystrc,Bystrc,2012,5,8,13,2026-01-12 01:35:11.492392
Brno-Bystrc,Brno-Bystrc,Bystrc,2013,5,8,13,2026-01-12 01:35:11.492392
Brno-Bystrc,Brno-Bystrc,Bystrc,2014,5,8,13,2026-01-12 01:35:11.492392
Brno-Bystrc,Brno-Bystrc,Bystrc,2015,5,8,13,2026-01-12 01:35:11.492392
Brno-Bystrc,Brno-Bystrc,Bystrc,2016,6,9,15,2026-01-12 01:35:11.492392
Brno-Bystrc,Brno-Bystrc,Bystrc,2017,6,9,15,2026-01-12 01:35:11.492392
Brno-Bystrc,Brno-Bystrc,Bystrc,2018,6,14,20,2026-01-12 01:35:11.492392
Brno-Bystrc,Brno-Bystrc,Bystrc,2019,6,14,20,2026-01-12 01:35:11.492392
Brno-Bystrc,Brno-Bystrc,Bystrc,2020,6,14,20,2026-01-12 01:35:11.492392
Brno-Bystrc,Brno-Bystrc,Bystrc,2021,6,14,20,2026-01-12 01:35:11.492392
Brno-Bystrc,Brno-Bystrc,Bystrc,2022,6,14,20,2026-01-12 01:35:11.492392
Brno-Bystrc,Brno-Bystrc,Bystrc,2023,6,14,20,2026-01-12 01:35:11.492392
Brno-Bystrc,Brno-Bystrc,Unknown,2010,8,8,16,2026-01-12 01:35:11.492392
Brno-Bystrc,Brno-Bystrc,Unknown,2011,7,7,14,2026-01-12 01:35:11.492392
Brno-Bystrc,Brno-Bystrc,Unknown,2012,8,7,15,2026-01-12 01:35:11.492392
Brno-Bystrc,Brno-Bystrc,Unknown,2013,7,6,13,2026-01-12 01:35:11.492392
Brno-Bystrc,Brno-Bystrc,Unknown,2014,7,6,13,2026-01-12 01:35:11.492392
Brno-Bystrc,Brno-Bystrc,Unknown,2015,7,6,13,2026-01-12 01:35:11.492392
Brno-Bystrc,Brno-Bystrc,Unknown,2016,7,8,15,2026-01-12 01:35:11.492392
Brno-Bystrc,Brno-Bystrc,Unknown,2017,7,9,16,2026-01-12 01:35:11.492392
Brno-Bystrc,Brno-Bystrc,Unknown,2018,8,9,17,2026-01-12 01:35:11.492392
Brno-Bystrc,Brno-Bystrc,Unknown,2019,8,9,17,2026-01-12 01:35:11.492392
Brno-Bystrc,Brno-Bystrc,Unknown,2020,8,9,17,2026-01-12 01:35:11.492392
Brno-Bystrc,Brno-Bystrc,Unknown,2021,8,9,17,2026-01-12 01:35:11.492392
Brno-Bystrc,Brno-Bystrc,Unknown,2022,8,9,17,2026-01-12 01:35:11.492392
Brno-Bystrc,Brno-Bystrc,Unknown,2023,8,9,17,2026-01-12 01:35:11.492392
Brno-Chrlice,Brno-Chrlice,Chrlice,2010,4,13,17,2026-01-12 01:35:11.492392
Brno-Chrlice,Brno-Chrlice,Chrlice,2011,4,13,17,2026-01-12 01:35:11.492392
Brno-Chrlice,Brno-Chrlice,Chrlice,2012,4,13,17,2026-01-12 01:35:11.492392
Brno-Chrlice,Brno-Chrlice,Chrlice,2013,4,13,17,2026-01-12 01:35:11.492392
Brno-Chrlice,Brno-Chrlice,Chrlice,2014,4,13,17,2026-01-12 01:35:11.492392
Brno-Chrlice,Brno-Chrlice,Chrlice,2015,4,13,17,2026-01-12 01:35:11.492392
Brno-Chrlice,Brno-Chrlice,Chrlice,2016,4,13,17,2026-01-12 01:35:11.492392
Brno-Chrlice,Brno-Chrlice,Chrlice,2017,4,13,17,2026-01-12 01:35:11.492392
Brno-Chrlice,Brno-Chrlice,Chrlice,2018,5,18,23,2026-01-12 01:35:11.492392
Brno-Chrlice,Brno-Chrlice,Chrlice,2019,5,18,23,2026-01-12 01:35:11.492392
Brno-Chrlice,Brno-Chrlice,Chrlice,2020,5,18,23,2026-01-12 01:35:11.492392
Brno-Chrlice,Brno-Chrlice,Chrlice,2021,5,18,23,2026-01-12 01:35:11.492392
Brno-Chrlice,Brno-Chrlice,Chrlice,2022,5,18,23,2026-01-12 01:35:11.492392
Brno-Chrlice,Brno-Chrlice,Chrlice,2023,5,18,23,2026-01-12 01:35:11.492392
Brno-Chrlice,Brno-Chrlice,Tuřany,2010,3,17,20,2026-01-12 01:35:11.492392
Brno-Chrlice,Brno-Chrlice,Tuřany,2011,3,17,20,2026-01-12 01:35:11.492392
Brno-Chrlice,Brno-Chrlice,Tuřany,2012,3,17,20,2026-01-12 01:35:11.492392
Brno-Chrlice,Brno-Chrlice,Tuřany,2013,3,17,20,2026-01-12 01:35:11.492392
Brno-Chrlice,Brno-Chrlice,Tuřany,2014,3,17,20,2026-01-12 01:35:11.492392
Brno-Chrlice,Brno-Chrlice,Tuřany,2015,3,17,20,2026-01-12 01:35:11.492392
Brno-Chrlice,Brno-Chrlice,Tuřany,2016,3,17,20,2026-01-12 01:35:11.492392
Brno-Chrlice,Brno-Chrlice,Tuřany,2017,3,17,20,2026-01-12 01:35:11.492392
Brno-Chrlice,Brno-Chrlice,Tuřany,2018,3,20,23,2026-01-12 01:35:11.492392
Brno-Chrlice,Brno-Chrlice,Tuřany,2019,3,11,14,2026-01-12 01:35:11.492392
Brno-Chrlice,Brno-Chrlice,Tuřany,2020,3,11,14,2026-01-12 01:35:11.492392
Brno-Chrlice,Brno-Chrlice,Tuřany,2021,3,11,14,2026-01-12 01:35:11.492392
Brno-Chrlice,Brno-Chrlice,Tuřany,2022,3,11,14,2026-01-12 01:35:11.492392
Brno-Chrlice,Brno-Chrlice,Tuřany,2023,3,11,14,2026-01-12 01:35:11.492392
Brno-Ivanovice,Brno-Ivanovice,Ivanovice,2010,2,5,7,2026-01-12 01:35:11.492392
Brno-Ivanovice,Brno-Ivanovice,Ivanovice,2011,2,5,7,2026-01-12 01:35:11.492392
Brno-Ivanovice,Brno-Ivanovice,Ivanovice,2012,2,5,7,2026-01-12 01:35:11.492392
Brno-Ivanovice,Brno-Ivanovice,Ivanovice,2013,2,5,7,2026-01-12 01:35:11.492392
Brno-Ivanovice,Brno-Ivanovice,Ivanovice,2014,2,5,7,2026-01-12 01:35:11.492392
Brno-Ivanovice,Brno-Ivanovice,Ivanovice,2015,2,5,7,2026-01-12 01:35:11.492392
Brno-Ivanovice,Brno-Ivanovice,Ivanovice,2016,2,5,7,2026-01-12 01:35:11.492392
Brno-Ivanovice,Brno-Ivanovice,Ivanovice,2017,2,5,7,2026-01-12 01:35:11.492392
Brno-Ivanovice,Brno-Ivanovice,Ivanovice,2018,2,10,12,2026-01-12 01:35:11.492392
Brno-Ivanovice,Brno-Ivanovice,Ivanovice,2019,2,10,12,2026-01-12 01:35:11.492392
Brno-Ivanovice,Brno-Ivanovice,Ivanovice,2020,2,10,12,2026-01-12 01:35:11.492392
Brno-Ivanovice,Brno-Ivanovice,Ivanovice,2021,2,10,12,2026-01-12 01:35:11.492392
Brno-Ivanovice,Brno-Ivanovice,Ivanovice,2022,2,10,12,2026-01-12 01:35:11.492392
Brno-Ivanovice,Brno-Ivanovice,Ivanovice,2023,2,10,12,2026-01-12 01:35:11.492392
Brno-Jehnice,Brno-Jehnice,Jehnice,2010,3,15,18,2026-01-12 01:35:11.492392
Brno-Jehnice,Brno-Jehnice,Jehnice,2011,3,15,18,2026-01-12 01:35:11.492392
Brno-Jehnice,Brno-Jehnice,Jehnice,2012,3,15,18,2026-01-12 01:35:11.492392
Brno-Jehnice,Brno-Jehnice,Jehnice,2013,3,15,18,2026-01-12 01:35:11.492392
Brno-Jehnice,Brno-Jehnice,Jehnice,2014,3,15,18,2026-01-12 01:35:11.492392
Brno-Jehnice,Brno-Jehnice,Jehnice,2015,3,15,18,2026-01-12 01:35:11.492392
Brno-Jehnice,Brno-Jehnice,Jehnice,2016,3,15,18,2026-01-12 01:35:11.492392
Brno-Jehnice,Brno-Jehnice,Jehnice,2017,3,15,18,2026-01-12 01:35:11.492392
Brno-Jehnice,Brno-Jehnice,Jehnice,2018,3,15,18,2026-01-12 01:35:11.492392
Brno-Jehnice,Brno-Jehnice,Jehnice,2019,2,10,12,2026-01-12 01:35:11.492392
Brno-Jehnice,Brno-Jehnice,Jehnice,2020,2,10,12,2026-01-12 01:35:11.492392
Brno-Jehnice,Brno-Jehnice,Jehnice,2021,2,10,12,2026-01-12 01:35:11.492392
Brno-Jehnice,Brno-Jehnice,Jehnice,2022,2,10,12,2026-01-12 01:35:11.492392
Brno-Jehnice,Brno-Jehnice,Jehnice,2023,2,10,12,2026-01-12 01:35:11.492392
Brno-Jundrov,Brno-Jundrov,Jundrov,2010,4,10,14,2026-01-12 01:35:11.492392
Brno-Jundrov,Brno-Jundrov,Jundrov,2011,4,10,14,2026-01-12 01:35:11.492392
Brno-Jundrov,Brno-Jundrov,Jundrov,2012,4,10,14,2026-01-12 01:35:11.492392
Brno-Jundrov,Brno-Jundrov,Jundrov,2013,4,10,14,2026-01-12 01:35:11.492392
Brno-Jundrov,Brno-Jundrov,Jundrov,2014,4,10,14,2026-01-12 01:35:11.492392
Brno-Jundrov,Brno-Jundrov,Jundrov,2015,4,10,14,2026-01-12 01:35:11.492392
Brno-Jundrov,Brno-Jundrov,Jundrov,2016,4,10,14,2026-01-12 01:35:11.492392
Brno-Jundrov,Brno-Jundrov,Jundrov,2017,4,10,14,2026-01-12 01:35:11.492392
Brno-Jundrov,Brno-Jundrov,Jundrov,2018,4,12,16,2026-01-12 01:35:11.492392
Brno-Jundrov,Brno-Jundrov,Jundrov,2019,4,12,16,2026-01-12 01:35:11.492392
Brno-Jundrov,Brno-Jundrov,Jundrov,2020,4,12,16,2026-01-12 01:35:11.492392
Brno-Jundrov,Brno-Jundrov,Jundrov,2021,4,12,16,2026-01-12 01:35:11.492392
Brno-Jundrov,Brno-Jundrov,Jundrov,2022,4,12,16,2026-01-12 01:35:11.492392
Brno-Jundrov,Brno-Jundrov,Jundrov,2023,4,12,16,2026-01-12 01:35:11.492392
Brno-Jundrov,Brno-Jundrov,Pisárky,2010,7,7,14,2026-01-12 01:35:11.492392
Brno-Jundrov,Brno-Jundrov,Pisárky,2011,7,7,14,2026-01-12 01:35:11.492392
Brno-Jundrov,Brno-Jundrov,Pisárky,2012,8,7,15,2026-01-12 01:35:11.492392
Brno-Jundrov,Brno-Jundrov,Pisárky,2013,7,6,13,2026-01-12 01:35:11.492392
Brno-Jundrov,Brno-Jundrov,Pisárky,2014,7,6,13,2026-01-12 01:35:11.492392
Brno-Jundrov,Brno-Jundrov,Pisárky,2015,7,6,13,2026-01-12 01:35:11.492392
Brno-Jundrov,Brno-Jundrov,Pisárky,2016,7,7,14,2026-01-12 01:35:11.492392
Brno-Jundrov,Brno-Jundrov,Pisárky,2017,8,7,15,2026-01-12 01:35:11.492392
Brno-Jundrov,Brno-Jundrov,Pisárky,2018,9,6,15,2026-01-12 01:35:11.492392
Brno-Jundrov,Brno-Jundrov,Pisárky,2019,9,6,15,2026-01-12 01:35:11.492392
Brno-Jundrov,Brno-Jundrov,Pisárky,2020,9,6,15,2026-01-12 01:35:11.492392
Brno-Jundrov,Brno-Jundrov,Pisárky,2021,9,6,15,2026-01-12 01:35:11.492392
Brno-Jundrov,Brno-Jundrov,Pisárky,2022,9,6,15,2026-01-12 01:35:11.492392
Brno-Jundrov,Brno-Jundrov,Pisárky,2023,9,6,15,2026-01-12 01:35:11.492392
Brno-Kníničky,Brno-Kníničky,Bystrc,2010,3,10,13,2026-01-12 01:35:11.492392
Brno-Kníničky,Brno-Kníničky,Bystrc,2011,3,10,13,2026-01-12 01:35:11.492392
Brno-Kníničky,Brno-Kníničky,Bystrc,2012,3,10,13,2026-01-12 01:35:11.492392
Brno-Kníničky,Brno-Kníničky,Bystrc,2013,3,10,13,2026-01-12 01:35:11.492392
Brno-Kníničky,Brno-Kníničky,Bystrc,2014,3,10,13,2026-01-12 01:35:11.492392
Brno-Kníničky,Brno-Kníničky,Bystrc,2015,3,10,13,2026-01-12 01:35:11.492392
Brno-Kníničky,Brno-Kníničky,Bystrc,2016,3,12,15,2026-01-12 01:35:11.492392
Brno-Kníničky,Brno-Kníničky,Bystrc,2017,3,12,15,2026-01-12 01:35:11.492392
Brno-Kníničky,Brno-Kníničky,Bystrc,2018,4,14,18,2026-01-12 01:35:11.492392
Brno-Kníničky,Brno-Kníničky,Bystrc,2019,4,14,18,2026-01-12 01:35:11.492392
Brno-Kníničky,Brno-Kníničky,Bystrc,2020,4,14,18,2026-01-12 01:35:11.492392
Brno-Kníničky,Brno-Kníničky,Bystrc,2021,4,14,18,2026-01-12 01:35:11.492392
Brno-Kníničky,Brno-Kníničky,Bystrc,2022,4,14,18,2026-01-12 01:35:11.492392
Brno-Kníničky,Brno-Kníničky,Bystrc,2023,4,14,18,2026-01-12 01:35:11.492392
Brno-Kníničky,Brno-Kníničky,Kníničky,2010,5,10,15,2026-01-12 01:35:11.492392
Brno-Kníničky,Brno-Kníničky,Kníničky,2011,5,10,15,2026-01-12 01:35:11.492392
Brno-Kníničky,Brno-Kníničky,Kníničky,2012,5,10,15,2026-01-12 01:35:11.492392
Brno-Kníničky,Brno-Kníničky,Kníničky,2013,5,10,15,2026-01-12 01:35:11.492392
Brno-Kníničky,Brno-Kníničky,Kníničky,2014,5,10,15,2026-01-12 01:35:11.492392
Brno-Kníničky,Brno-Kníničky,Kníničky,2015,5,10,15,2026-01-12 01:35:11.492392
Brno-Kníničky,Brno-Kníničky,Kníničky,2016,5,10,15,2026-01-12 01:35:11.492392
Brno-Kníničky,Brno-Kníničky,Kníničky,2017,5,10,15,2026-01-12 01:35:11.492392
Brno-Kníničky,Brno-Kníničky,Kníničky,2018,6,12,18,2026-01-12 01:35:11.492392
Brno-Kníničky,Brno-Kníničky,Kníničky,2019,6,12,18,2026-01-12 01:35:11.492392
Brno-Kníničky,Brno-Kníničky,Kníničky,2020,6,12,18,2026-01-12 01:35:11.492392
Brno-Kníničky,Brno-Kníničky,Kníničky,2021,6,12,18,2026-01-12 01:35:11.492392
Brno-Kníničky,Brno-Kníničky,Kníničky,2022,6,12,18,2026-01-12 01:35:11.492392
Brno-Kníničky,Brno-Kníničky,Kníničky,2023,6,12,18,2026-01-12 01:35:11.492392
Brno-Kohoutovice,Brno-Kohoutovice,Kohoutovice,2010,9,8,17,2026-01-12 01:35:11.492392
Brno-Kohoutovice,Brno-Kohoutovice,Kohoutovice,2011,9,8,17,2026-01-12 01:35:11.492392
Brno-Kohoutovice,Brno-Kohoutovice,Kohoutovice,2012,9,8,17,2026-01-12 01:35:11.492392
Brno-Kohoutovice,Brno-Kohoutovice,Kohoutovice,2013,9,8,17,2026-01-12 01:35:11.492392
Brno-Kohoutovice,Brno-Kohoutovice,Kohoutovice,2014,9,8,17,2026-01-12 01:35:11.492392
Brno-Kohoutovice,Brno-Kohoutovice,Kohoutovice,2015,9,8,17,2026-01-12 01:35:11.492392
Brno-Kohoutovice,Brno-Kohoutovice,Kohoutovice,2016,9,8,17,2026-01-12 01:35:11.492392
Brno-Kohoutovice,Brno-Kohoutovice,Kohoutovice,2017,10,8,18,2026-01-12 01:35:11.492392
Brno-Kohoutovice,Brno-Kohoutovice,Kohoutovice,2018,10,8,18,2026-01-12 01:35:11.492392
Brno-Kohoutovice,Brno-Kohoutovice,Kohoutovice,2019,10,8,18,2026-01-12 01:35:11.492392
Brno-Kohoutovice,Brno-Kohoutovice,Kohoutovice,2020,10,8,18,2026-01-12 01:35:11.492392
Brno-Kohoutovice,Brno-Kohoutovice,Kohoutovice,2021,10,8,18,2026-01-12 01:35:11.492392
Brno-Kohoutovice,Brno-Kohoutovice,Kohoutovice,2022,10,8,18,2026-01-12 01:35:11.492392
Brno-Kohoutovice,Brno-Kohoutovice,Kohoutovice,2023,10,8,18,2026-01-12 01:35:11.492392
Brno-Kohoutovice,Brno-Kohoutovice,Pisárky,2010,13,6,19,2026-01-12 01:35:11.492392
Brno-Kohoutovice,Brno-Kohoutovice,Pisárky,2011,13,6,19,2026-01-12 01:35:11.492392
Brno-Kohoutovice,Brno-Kohoutovice,Pisárky,2012,14,6,20,2026-01-12 01:35:11.492392
Brno-Kohoutovice,Brno-Kohoutovice,Pisárky,2013,14,6,20,2026-01-12 01:35:11.492392
Brno-Kohoutovice,Brno-Kohoutovice,Pisárky,2014,15,6,21,2026-01-12 01:35:11.492392
Brno-Kohoutovice,Brno-Kohoutovice,Pisárky,2015,13,6,19,2026-01-12 01:35:11.492392
Brno-Kohoutovice,Brno-Kohoutovice,Pisárky,2016,12,6,18,2026-01-12 01:35:11.492392
Brno-Kohoutovice,Brno-Kohoutovice,Pisárky,2017,12,6,18,2026-01-12 01:35:11.492392
Brno-Kohoutovice,Brno-Kohoutovice,Pisárky,2018,13,6,19,2026-01-12 01:35:11.492392
Brno-Kohoutovice,Brno-Kohoutovice,Pisárky,2019,13,6,19,2026-01-12 01:35:11.492392
Brno-Kohoutovice,Brno-Kohoutovice,Pisárky,2020,13,6,19,2026-01-12 01:35:11.492392
Brno-Kohoutovice,Brno-Kohoutovice,Pisárky,2021,14,6,20,2026-01-12 01:35:11.492392
Brno-Kohoutovice,Brno-Kohoutovice,Pisárky,2022,14,6,20,2026-01-12 01:35:11.492392
Brno-Kohoutovice,Brno-Kohoutovice,Pisárky,2023,14,6,20,2026-01-12 01:35:11.492392
Brno-Komín,Brno-Komín,Bystrc,2010,22,7,29,2026-01-12 01:35:11.492392
Brno-Komín,Brno-Komín,Bystrc,2011,22,7,29,2026-01-12 01:35:11.492392
Brno-Komín,Brno-Komín,Bystrc,2012,23,7,30,2026-01-12 01:35:11.492392
Brno-Komín,Brno-Komín,Bystrc,2013,23,7,30,2026-01-12 01:35:11.492392
Brno-Komín,Brno-Komín,Bystrc,2014,24,7,31,2026-01-12 01:35:11.492392
Brno-Komín,Brno-Komín,Bystrc,2015,22,7,29,2026-01-12 01:35:11.492392
Brno-Komín,Brno-Komín,Bystrc,2016,22,7,29,2026-01-12 01:35:11.492392
Brno-Komín,Brno-Komín,Bystrc,2017,23,7,30,2026-01-12 01:35:11.492392
Brno-Komín,Brno-Komín,Bystrc,2018,24,7,31,2026-01-12 01:35:11.492392
Brno-Komín,Brno-Komín,Bystrc,2019,24,7,31,2026-01-12 01:35:11.492392
Brno-Komín,Brno-Komín,Bystrc,2020,24,7,31,2026-01-12 01:35:11.492392
Brno-Komín,Brno-Komín,Bystrc,2021,24,7,31,2026-01-12 01:35:11.492392
Brno-Komín,Brno-Komín,Bystrc,2022,24,7,31,2026-01-12 01:35:11.492392
Brno-Komín,Brno-Komín,Bystrc,2023,24,7,31,2026-01-12 01:35:11.492392
Brno-Komín,Brno-Komín,Komín,2010,11,8,19,2026-01-12 01:35:11.492392
Brno-Komín,Brno-Komín,Komín,2011,11,8,19,2026-01-12 01:35:11.492392
Brno-Komín,Brno-Komín,Komín,2012,12,8,20,2026-01-12 01:35:11.492392
Brno-Komín,Brno-Komín,Komín,2013,12,8,20,2026-01-12 01:35:11.492392
Brno-Komín,Brno-Komín,Komín,2014,13,8,21,2026-01-12 01:35:11.492392
Brno-Komín,Brno-Komín,Komín,2015,12,8,20,2026-01-12 01:35:11.492392
Brno-Komín,Brno-Komín,Komín,2016,11,8,19,2026-01-12 01:35:11.492392
Brno-Komín,Brno-Komín,Komín,2017,12,8,20,2026-01-12 01:35:11.492392
Brno-Komín,Brno-Komín,Komín,2018,13,8,21,2026-01-12 01:35:11.492392
Brno-Komín,Brno-Komín,Komín,2019,13,8,21,2026-01-12 01:35:11.492392
Brno-Komín,Brno-Komín,Komín,2020,13,8,21,2026-01-12 01:35:11.492392
Brno-Komín,Brno-Komín,Komín,2021,13,8,21,2026-01-12 01:35:11.492392
Brno-Komín,Brno-Komín,Komín,2022,13,8,21,2026-01-12 01:35:11.492392
Brno-Komín,Brno-Komín,Komín,2023,13,8,21,2026-01-12 01:35:11.492392
Brno-Komín,Brno-Komín,Žabovřesky,2010,22,7,29,2026-01-12 01:35:11.492392
Brno-Komín,Brno-Komín,Žabovřesky,2011,22,7,29,2026-01-12 01:35:11.492392
Brno-Komín,Brno-Komín,Žabovřesky,2012,22,7,29,2026-01-12 01:35:11.492392
Brno-Komín,Brno-Komín,Žabovřesky,2013,22,7,29,2026-01-12 01:35:11.492392
Brno-Komín,Brno-Komín,Žabovřesky,2014,22,7,29,2026-01-12 01:35:11.492392
Brno-Komín,Brno-Komín,Žabovřesky,2015,22,7,29,2026-01-12 01:35:11.492392
Brno-Komín,Brno-Komín,Žabovřesky,2016,22,7,29,2026-01-12 01:35:11.492392
Brno-Komín,Brno-Komín,Žabovřesky,2017,22,7,29,2026-01-12 01:35:11.492392
Brno-Komín,Brno-Komín,Žabovřesky,2018,20,7,27,2026-01-12 01:35:11.492392
Brno-Komín,Brno-Komín,Žabovřesky,2019,20,7,27,2026-01-12 01:35:11.492392
Brno-Komín,Brno-Komín,Žabovřesky,2020,20,7,27,2026-01-12 01:35:11.492392
Brno-Komín,Brno-Komín,Žabovřesky,2021,20,7,27,2026-01-12 01:35:11.492392
Brno-Komín,Brno-Komín,Žabovřesky,2022,20,7,27,2026-01-12 01:35:11.492392
Brno-Komín,Brno-Komín,Žabovřesky,2023,20,7,27,2026-01-12 01:35:11.492392
Brno-Královo Pole,Brno-Královo Pole,Královo Pole,2010,18,13,31,2026-01-12 01:35:11.492392
Brno-Královo Pole,Brno-Královo Pole,Královo Pole,2011,18,13,31,2026-01-12 01:35:11.492392
Brno-Královo Pole,Brno-Královo Pole,Královo Pole,2012,19,13,32,2026-01-12 01:35:11.492392
Brno-Královo Pole,Brno-Královo Pole,Královo Pole,2013,19,13,32,2026-01-12 01:35:11.492392
Brno-Královo Pole,Brno-Královo Pole,Královo Pole,2014,20,9,29,2026-01-12 01:35:11.492392
Brno-Královo Pole,Brno-Královo Pole,Královo Pole,2015,19,9,28,2026-01-12 01:35:11.492392
Brno-Královo Pole,Brno-Královo Pole,Královo Pole,2016,21,9,30,2026-01-12 01:35:11.492392
Brno-Královo Pole,Brno-Královo Pole,Královo Pole,2017,24,10,34,2026-01-12 01:35:11.492392
Brno-Královo Pole,Brno-Královo Pole,Královo Pole,2018,24,10,34,2026-01-12 01:35:11.492392
Brno-Královo Pole,Brno-Královo Pole,Královo Pole,2019,24,10,34,2026-01-12 01:35:11.492392
Brno-Královo Pole,Brno-Královo Pole,Královo Pole,2020,24,10,34,2026-01-12 01:35:11.492392
Brno-Královo Pole,Brno-Královo Pole,Královo Pole,2021,25,10,35,2026-01-12 01:35:11.492392
Brno-Královo Pole,Brno-Královo Pole,Královo Pole,2022,25,10,35,2026-01-12 01:35:11.492392
Brno-Královo Pole,Brno-Královo Pole,Královo Pole,2023,26,11,37,2026-01-12 01:35:11.492392
Brno-Královo Pole,Brno-Královo Pole,Lesná,2010,8,9,17,2026-01-12 01:35:11.492392
Brno-Královo Pole,Brno-Královo Pole,Lesná,2011,8,9,17,2026-01-12 01:35:11.492392
Brno-Královo Pole,Brno-Královo Pole,Lesná,2012,8,9,17,2026-01-12 01:35:11.492392
Brno-Královo Pole,Brno-Královo Pole,Lesná,2013,6,7,13,2026-01-12 01:35:11.492392
Brno-Královo Pole,Brno-Královo Pole,Lesná,2014,6,7,13,2026-01-12 01:35:11.492392
Brno-Královo Pole,Brno-Královo Pole,Lesná,2015,6,7,13,2026-01-12 01:35:11.492392
Brno-Královo Pole,Brno-Královo Pole,Lesná,2016,5,7,12,2026-01-12 01:35:11.492392
Brno-Královo Pole,Brno-Královo Pole,Lesná,2017,5,7,12,2026-01-12 01:35:11.492392
Brno-Královo Pole,Brno-Královo Pole,Lesná,2018,5,7,12,2026-01-12 01:35:11.492392
Brno-Královo Pole,Brno-Královo Pole,Lesná,2019,7,5,12,2026-01-12 01:35:11.492392
Brno-Královo Pole,Brno-Královo Pole,Lesná,2020,7,5,12,2026-01-12 01:35:11.492392
Brno-Královo Pole,Brno-Královo Pole,Lesná,2021,7,7,14,2026-01-12 01:35:11.492392
Brno-Královo Pole,Brno-Královo Pole,Lesná,2022,7,7,14,2026-01-12 01:35:11.492392
Brno-Královo Pole,Brno-Královo Pole,Lesná,2023,7,7,14,2026-01-12 01:35:11.492392
Brno-Královo Pole,Brno-Královo Pole,Medlánky,2010,5,5,10,2026-01-12 01:35:11.492392
Brno-Královo Pole,Brno-Královo Pole,Medlánky,2011,6,5,11,2026-01-12 01:35:11.492392
Brno-Královo Pole,Brno-Královo Pole,Medlánky,2012,6,5,11,2026-01-12 01:35:11.492392
Brno-Královo Pole,Brno-Královo Pole,Medlánky,2013,5,5,10,2026-01-12 01:35:11.492392
Brno-Královo Pole,Brno-Královo Pole,Medlánky,2014,5,5,10,2026-01-12 01:35:11.492392
Brno-Královo Pole,Brno-Královo Pole,Medlánky,2015,5,5,10,2026-01-12 01:35:11.492392
Brno-Královo Pole,Brno-Královo Pole,Medlánky,2016,5,5,10,2026-01-12 01:35:11.492392
Brno-Královo Pole,Brno-Královo Pole,Medlánky,2017,5,5,10,2026-01-12 01:35:11.492392
Brno-Královo Pole,Brno-Královo Pole,Medlánky,2018,5,5,10,2026-01-12 01:35:11.492392
Brno-Královo Pole,Brno-Královo Pole,Medlánky,2019,4,4,8,2026-01-12 01:35:11.492392
Brno-Královo Pole,Brno-Královo Pole,Medlánky,2020,3,5,8,2026-01-12 01:35:11.492392
Brno-Královo Pole,Brno-Královo Pole,Medlánky,2021,3,5,8,2026-01-12 01:35:11.492392
Brno-Královo Pole,Brno-Královo Pole,Medlánky,2022,3,5,8,2026-01-12 01:35:11.492392
Brno-Královo Pole,Brno-Královo Pole,Medlánky,2023,3,5,8,2026-01-12 01:35:11.492392
Brno-Královo Pole,Brno-Královo Pole,Ponava,2010,29,10,39,2026-01-12 01:35:11.492392
Brno-Královo Pole,Brno-Královo Pole,Ponava,2011,29,10,39,2026-01-12 01:35:11.492392
Brno-Královo Pole,Brno-Královo Pole,Ponava,2012,30,10,40,2026-01-12 01:35:11.492392
Brno-Královo Pole,Brno-Královo Pole,Ponava,2013,30,10,40,2026-01-12 01:35:11.492392
Brno-Královo Pole,Brno-Královo Pole,Ponava,2014,31,7,38,2026-01-12 01:35:11.492392
Brno-Královo Pole,Brno-Královo Pole,Ponava,2015,31,7,38,2026-01-12 01:35:11.492392
Brno-Královo Pole,Brno-Královo Pole,Ponava,2016,31,7,38,2026-01-12 01:35:11.492392
Brno-Královo Pole,Brno-Královo Pole,Ponava,2017,32,8,40,2026-01-12 01:35:11.492392
Brno-Královo Pole,Brno-Královo Pole,Ponava,2018,33,9,42,2026-01-12 01:35:11.492392
Brno-Královo Pole,Brno-Královo Pole,Ponava,2019,33,9,42,2026-01-12 01:35:11.492392
Brno-Královo Pole,Brno-Královo Pole,Ponava,2020,33,10,43,2026-01-12 01:35:11.492392
Brno-Královo Pole,Brno-Královo Pole,Ponava,2021,34,10,44,2026-01-12 01:35:11.492392
Brno-Královo Pole,Brno-Královo Pole,Ponava,2022,34,10,44,2026-01-12 01:35:11.492392
Brno-Královo Pole,Brno-Královo Pole,Ponava,2023,34,10,44,2026-01-12 01:35:11.492392
Brno-Královo Pole,Brno-Královo Pole,Sadová,2010,7,8,15,2026-01-12 01:35:11.492392
Brno-Královo Pole,Brno-Královo Pole,Sadová,2011,7,8,15,2026-01-12 01:35:11.492392
Brno-Královo Pole,Brno-Královo Pole,Sadová,2012,6,8,14,2026-01-12 01:35:11.492392
Brno-Královo Pole,Brno-Královo Pole,Sadová,2013,5,7,12,2026-01-12 01:35:11.492392
Brno-Královo Pole,Brno-Královo Pole,Sadová,2014,5,7,12,2026-01-12 01:35:11.492392
Brno-Královo Pole,Brno-Královo Pole,Sadová,2015,5,7,12,2026-01-12 01:35:11.492392
Brno-Královo Pole,Brno-Královo Pole,Sadová,2016,5,7,12,2026-01-12 01:35:11.492392
Brno-Královo Pole,Brno-Královo Pole,Sadová,2017,5,7,12,2026-01-12 01:35:11.492392
Brno-Královo Pole,Brno-Královo Pole,Sadová,2018,5,7,12,2026-01-12 01:35:11.492392
Brno-Královo Pole,Brno-Královo Pole,Sadová,2019,5,6,11,2026-01-12 01:35:11.492392
Brno-Královo Pole,Brno-Královo Pole,Sadová,2020,5,6,11,2026-01-12 01:35:11.492392
Brno-Královo Pole,Brno-Královo Pole,Sadová,2021,5,6,11,2026-01-12 01:35:11.492392
Brno-Královo Pole,Brno-Královo Pole,Sadová,2022,5,6,11,2026-01-12 01:35:11.492392
Brno-Královo Pole,Brno-Královo Pole,Sadová,2023,5,6,11,2026-01-12 01:35:11.492392
Brno-Královo Pole,Brno-Královo Pole,Černá Pole,2010,30,10,40,2026-01-12 01:35:11.492392
Brno-Královo Pole,Brno-Královo Pole,Černá Pole,2011,31,10,41,2026-01-12 01:35:11.492392
Brno-Královo Pole,Brno-Královo Pole,Černá Pole,2012,34,10,44,2026-01-12 01:35:11.492392
Brno-Královo Pole,Brno-Královo Pole,Černá Pole,2013,33,6,39,2026-01-12 01:35:11.492392
Brno-Královo Pole,Brno-Královo Pole,Černá Pole,2014,34,6,40,2026-01-12 01:35:11.492392
Brno-Královo Pole,Brno-Královo Pole,Černá Pole,2015,33,5,38,2026-01-12 01:35:11.492392
Brno-Královo Pole,Brno-Královo Pole,Černá Pole,2016,34,5,39,2026-01-12 01:35:11.492392
Brno-Královo Pole,Brno-Královo Pole,Černá Pole,2017,35,7,42,2026-01-12 01:35:11.492392
Brno-Královo Pole,Brno-Královo Pole,Černá Pole,2018,36,9,45,2026-01-12 01:35:11.492392
Brno-Královo Pole,Brno-Královo Pole,Černá Pole,2019,36,9,45,2026-01-12 01:35:11.492392
Brno-Královo Pole,Brno-Královo Pole,Černá Pole,2020,35,10,45,2026-01-12 01:35:11.492392
Brno-Královo Pole,Brno-Královo Pole,Černá Pole,2021,36,10,46,2026-01-12 01:35:11.492392
Brno-Královo Pole,Brno-Královo Pole,Černá Pole,2022,35,10,45,2026-01-12 01:35:11.492392
Brno-Královo Pole,Brno-Královo Pole,Černá Pole,2023,35,10,45,2026-01-12 01:35:11.492392
Brno-Královo Pole,Brno-Královo Pole,Řečkovice,2010,20,6,26,2026-01-12 01:35:11.492392
Brno-Královo Pole,Brno-Královo Pole,Řečkovice,2011,20,6,26,2026-01-12 01:35:11.492392
Brno-Královo Pole,Brno-Královo Pole,Řečkovice,2012,17,6,23,2026-01-12 01:35:11.492392
Brno-Královo Pole,Brno-Královo Pole,Řečkovice,2013,10,10,20,2026-01-12 01:35:11.492392
Brno-Královo Pole,Brno-Královo Pole,Řečkovice,2014,10,10,20,2026-01-12 01:35:11.492392
Brno-Královo Pole,Brno-Královo Pole,Řečkovice,2015,10,8,18,2026-01-12 01:35:11.492392
Brno-Královo Pole,Brno-Královo Pole,Řečkovice,2016,10,8,18,2026-01-12 01:35:11.492392
Brno-Královo Pole,Brno-Královo Pole,Řečkovice,2017,10,8,18,2026-01-12 01:35:11.492392
Brno-Královo Pole,Brno-Královo Pole,Řečkovice,2018,9,9,18,2026-01-12 01:35:11.492392
Brno-Královo Pole,Brno-Královo Pole,Řečkovice,2019,9,9,18,2026-01-12 01:35:11.492392
Brno-Královo Pole,Brno-Královo Pole,Řečkovice,2020,9,9,18,2026-01-12 01:35:11.492392
Brno-Královo Pole,Brno-Královo Pole,Řečkovice,2021,9,9,18,2026-01-12 01:35:11.492392
Brno-Královo Pole,Brno-Královo Pole,Řečkovice,2022,10,12,22,2026-01-12 01:35:11.492392
Brno-Královo Pole,Brno-Královo Pole,Řečkovice,2023,10,12,22,2026-01-12 01:35:11.492392
Brno-Líšeň,Brno-Líšeň,Líšeň,2010,14,7,21,2026-01-12 01:35:11.492392
Brno-Líšeň,Brno-Líšeň,Líšeň,2011,14,7,21,2026-01-12 01:35:11.492392
Brno-Líšeň,Brno-Líšeň,Líšeň,2012,15,7,22,2026-01-12 01:35:11.492392
Brno-Líšeň,Brno-Líšeň,Líšeň,2013,10,6,16,2026-01-12 01:35:11.492392
Brno-Líšeň,Brno-Líšeň,Líšeň,2014,10,6,16,2026-01-12 01:35:11.492392
Brno-Líšeň,Brno-Líšeň,Líšeň,2015,9,6,15,2026-01-12 01:35:11.492392
Brno-Líšeň,Brno-Líšeň,Líšeň,2016,9,6,15,2026-01-12 01:35:11.492392
Brno-Líšeň,Brno-Líšeň,Líšeň,2017,10,6,16,2026-01-12 01:35:11.492392
Brno-Líšeň,Brno-Líšeň,Líšeň,2018,10,6,16,2026-01-12 01:35:11.492392
Brno-Líšeň,Brno-Líšeň,Líšeň,2019,10,6,16,2026-01-12 01:35:11.492392
Brno-Líšeň,Brno-Líšeň,Líšeň,2020,11,9,20,2026-01-12 01:35:11.492392
Brno-Líšeň,Brno-Líšeň,Líšeň,2021,11,9,20,2026-01-12 01:35:11.492392
Brno-Líšeň,Brno-Líšeň,Líšeň,2022,10,13,23,2026-01-12 01:35:11.492392
Brno-Líšeň,Brno-Líšeň,Líšeň,2023,10,13,23,2026-01-12 01:35:11.492392
Brno-Líšeň,Brno-Líšeň,Unknown,2010,8,6,14,2026-01-12 01:35:11.492392
Brno-Líšeň,Brno-Líšeň,Unknown,2011,9,6,15,2026-01-12 01:35:11.492392
Brno-Líšeň,Brno-Líšeň,Unknown,2012,9,6,15,2026-01-12 01:35:11.492392
Brno-Líšeň,Brno-Líšeň,Unknown,2013,6,5,11,2026-01-12 01:35:11.492392
Brno-Líšeň,Brno-Líšeň,Unknown,2014,6,5,11,2026-01-12 01:35:11.492392
Brno-Líšeň,Brno-Líšeň,Unknown,2015,6,5,11,2026-01-12 01:35:11.492392
Brno-Líšeň,Brno-Líšeň,Unknown,2016,5,5,10,2026-01-12 01:35:11.492392
Brno-Líšeň,Brno-Líšeň,Unknown,2017,5,5,10,2026-01-12 01:35:11.492392
Brno-Líšeň,Brno-Líšeň,Unknown,2018,5,5,10,2026-01-12 01:35:11.492392
Brno-Líšeň,Brno-Líšeň,Unknown,2019,5,5,10,2026-01-12 01:35:11.492392
Brno-Líšeň,Brno-Líšeň,Unknown,2020,5,5,10,2026-01-12 01:35:11.492392
Brno-Líšeň,Brno-Líšeň,Unknown,2021,6,5,11,2026-01-12 01:35:11.492392
Brno-Líšeň,Brno-Líšeň,Unknown,2022,5,10,15,2026-01-12 01:35:11.492392
Brno-Líšeň,Brno-Líšeň,Unknown,2023,5,10,15,2026-01-12 01:35:11.492392
Brno-Líšeň,Brno-Líšeň,Židenice,2010,3,7,10,2026-01-12 01:35:11.492392
Brno-Líšeň,Brno-Líšeň,Židenice,2011,3,7,10,2026-01-12 01:35:11.492392
Brno-Líšeň,Brno-Líšeň,Židenice,2012,4,7,11,2026-01-12 01:35:11.492392
Brno-Líšeň,Brno-Líšeň,Židenice,2013,4,7,11,2026-01-12 01:35:11.492392
Brno-Líšeň,Brno-Líšeň,Židenice,2014,4,7,11,2026-01-12 01:35:11.492392
Brno-Líšeň,Brno-Líšeň,Židenice,2015,4,7,11,2026-01-12 01:35:11.492392
Brno-Líšeň,Brno-Líšeň,Židenice,2016,4,7,11,2026-01-12 01:35:11.492392
Brno-Líšeň,Brno-Líšeň,Židenice,2017,4,7,11,2026-01-12 01:35:11.492392
Brno-Líšeň,Brno-Líšeň,Židenice,2018,4,7,11,2026-01-12 01:35:11.492392
Brno-Líšeň,Brno-Líšeň,Židenice,2019,4,7,11,2026-01-12 01:35:11.492392
Brno-Líšeň,Brno-Líšeň,Židenice,2020,4,7,11,2026-01-12 01:35:11.492392
Brno-Líšeň,Brno-Líšeň,Židenice,2021,4,7,11,2026-01-12 01:35:11.492392
Brno-Líšeň,Brno-Líšeň,Židenice,2022,4,7,11,2026-01-12 01:35:11.492392
Brno-Líšeň,Brno-Líšeň,Židenice,2023,4,7,11,2026-01-12 01:35:11.492392
Brno-Maloměřice a Obřany,Brno-Maloměřice a Obřany,Maloměřice,2010,15,6,21,2026-01-12 01:35:11.492392
Brno-Maloměřice a Obřany,Brno-Maloměřice a Obřany,Maloměřice,2011,15,6,21,2026-01-12 01:35:11.492392
Brno-Maloměřice a Obřany,Brno-Maloměřice a Obřany,Maloměřice,2012,16,5,21,2026-01-12 01:35:11.492392
Brno-Maloměřice a Obřany,Brno-Maloměřice a Obřany,Maloměřice,2013,11,5,16,2026-01-12 01:35:11.492392
Brno-Maloměřice a Obřany,Brno-Maloměřice a Obřany,Maloměřice,2014,11,5,16,2026-01-12 01:35:11.492392
Brno-Maloměřice a Obřany,Brno-Maloměřice a Obřany,Maloměřice,2015,10,5,15,2026-01-12 01:35:11.492392
Brno-Maloměřice a Obřany,Brno-Maloměřice a Obřany,Maloměřice,2016,11,8,19,2026-01-12 01:35:11.492392
Brno-Maloměřice a Obřany,Brno-Maloměřice a Obřany,Maloměřice,2017,11,8,19,2026-01-12 01:35:11.492392
Brno-Maloměřice a Obřany,Brno-Maloměřice a Obřany,Maloměřice,2018,11,8,19,2026-01-12 01:35:11.492392
Brno-Maloměřice a Obřany,Brno-Maloměřice a Obřany,Maloměřice,2019,11,8,19,2026-01-12 01:35:11.492392
Brno-Maloměřice a Obřany,Brno-Maloměřice a Obřany,Maloměřice,2020,11,8,19,2026-01-12 01:35:11.492392
Brno-Maloměřice a Obřany,Brno-Maloměřice a Obřany,Maloměřice,2021,11,8,19,2026-01-12 01:35:11.492392
Brno-Maloměřice a Obřany,Brno-Maloměřice a Obřany,Maloměřice,2022,11,8,19,2026-01-12 01:35:11.492392
Brno-Maloměřice a Obřany,Brno-Maloměřice a Obřany,Maloměřice,2023,11,8,19,2026-01-12 01:35:11.492392
Brno-Maloměřice a Obřany,Brno-Maloměřice a Obřany,Obřany,2010,20,10,30,2026-01-12 01:35:11.492392
Brno-Maloměřice a Obřany,Brno-Maloměřice a Obřany,Obřany,2011,21,10,31,2026-01-12 01:35:11.492392
Brno-Maloměřice a Obřany,Brno-Maloměřice a Obřany,Obřany,2012,21,10,31,2026-01-12 01:35:11.492392
Brno-Maloměřice a Obřany,Brno-Maloměřice a Obřany,Obřany,2013,20,10,30,2026-01-12 01:35:11.492392
Brno-Maloměřice a Obřany,Brno-Maloměřice a Obřany,Obřany,2014,21,10,31,2026-01-12 01:35:11.492392
Brno-Maloměřice a Obřany,Brno-Maloměřice a Obřany,Obřany,2015,18,10,28,2026-01-12 01:35:11.492392
Brno-Maloměřice a Obřany,Brno-Maloměřice a Obřany,Obřany,2016,18,10,28,2026-01-12 01:35:11.492392
Brno-Maloměřice a Obřany,Brno-Maloměřice a Obřany,Obřany,2017,18,10,28,2026-01-12 01:35:11.492392
Brno-Maloměřice a Obřany,Brno-Maloměřice a Obřany,Obřany,2018,17,10,27,2026-01-12 01:35:11.492392
Brno-Maloměřice a Obřany,Brno-Maloměřice a Obřany,Obřany,2019,17,10,27,2026-01-12 01:35:11.492392
Brno-Maloměřice a Obřany,Brno-Maloměřice a Obřany,Obřany,2020,16,10,26,2026-01-12 01:35:11.492392
Brno-Maloměřice a Obřany,Brno-Maloměřice a Obřany,Obřany,2021,16,10,26,2026-01-12 01:35:11.492392
Brno-Maloměřice a Obřany,Brno-Maloměřice a Obřany,Obřany,2022,16,10,26,2026-01-12 01:35:11.492392
Brno-Maloměřice a Obřany,Brno-Maloměřice a Obřany,Obřany,2023,16,10,26,2026-01-12 01:35:11.492392
Brno-Medlánky,Brno-Medlánky,Medlánky,2010,16,12,28,2026-01-12 01:35:11.492392
Brno-Medlánky,Brno-Medlánky,Medlánky,2011,16,12,28,2026-01-12 01:35:11.492392
Brno-Medlánky,Brno-Medlánky,Medlánky,2012,17,12,29,2026-01-12 01:35:11.492392
Brno-Medlánky,Brno-Medlánky,Medlánky,2013,14,11,25,2026-01-12 01:35:11.492392
Brno-Medlánky,Brno-Medlánky,Medlánky,2014,14,11,25,2026-01-12 01:35:11.492392
Brno-Medlánky,Brno-Medlánky,Medlánky,2015,13,13,26,2026-01-12 01:35:11.492392
Brno-Medlánky,Brno-Medlánky,Medlánky,2016,13,13,26,2026-01-12 01:35:11.492392
Brno-Medlánky,Brno-Medlánky,Medlánky,2017,14,13,27,2026-01-12 01:35:11.492392
Brno-Medlánky,Brno-Medlánky,Medlánky,2018,14,13,27,2026-01-12 01:35:11.492392
Brno-Medlánky,Brno-Medlánky,Medlánky,2019,14,13,27,2026-01-12 01:35:11.492392
Brno-Medlánky,Brno-Medlánky,Medlánky,2020,13,13,26,2026-01-12 01:35:11.492392
Brno-Medlánky,Brno-Medlánky,Medlánky,2021,13,13,26,2026-01-12 01:35:11.492392
Brno-Medlánky,Brno-Medlánky,Medlánky,2022,12,13,25,2026-01-12 01:35:11.492392
Brno-Medlánky,Brno-Medlánky,Medlánky,2023,12,13,25,2026-01-12 01:35:11.492392
Brno-Medlánky,Brno-Medlánky,Řečkovice,2010,10,12,22,2026-01-12 01:35:11.492392
Brno-Medlánky,Brno-Medlánky,Řečkovice,2011,10,12,22,2026-01-12 01:35:11.492392
Brno-Medlánky,Brno-Medlánky,Řečkovice,2012,10,12,22,2026-01-12 01:35:11.492392
Brno-Medlánky,Brno-Medlánky,Řečkovice,2013,10,12,22,2026-01-12 01:35:11.492392
Brno-Medlánky,Brno-Medlánky,Řečkovice,2014,10,12,22,2026-01-12 01:35:11.492392
Brno-Medlánky,Brno-Medlánky,Řečkovice,2015,10,12,22,2026-01-12 01:35:11.492392
Brno-Medlánky,Brno-Medlánky,Řečkovice,2016,10,12,22,2026-01-12 01:35:11.492392
Brno-Medlánky,Brno-Medlánky,Řečkovice,2017,10,12,22,2026-01-12 01:35:11.492392
Brno-Medlánky,Brno-Medlánky,Řečkovice,2018,10,12,22,2026-01-12 01:35:11.492392
Brno-Medlánky,Brno-Medlánky,Řečkovice,2019,10,12,22,2026-01-12 01:35:11.492392
Brno-Medlánky,Brno-Medlánky,Řečkovice,2020,10,12,22,2026-01-12 01:35:11.492392
Brno-Medlánky,Brno-Medlánky,Řečkovice,2021,10,12,22,2026-01-12 01:35:11.492392
Brno-Medlánky,Brno-Medlánky,Řečkovice,2022,9,13,22,2026-01-12 01:35:11.492392
Brno-Medlánky,Brno-Medlánky,Řečkovice,2023,9,13,22,2026-01-12 01:35:11.492392
Brno-Nový Lískovec,Brno-Nový Lískovec,Nový Lískovec,2010,17,10,27,2026-01-12 01:35:11.492392
Brno-Nový Lískovec,Brno-Nový Lískovec,Nový Lískovec,2011,17,10,27,2026-01-12 01:35:11.492392
Brno-Nový Lískovec,Brno-Nový Lískovec,Nový Lískovec,2012,18,10,28,2026-01-12 01:35:11.492392
Brno-Nový Lískovec,Brno-Nový Lískovec,Nový Lískovec,2013,15,9,24,2026-01-12 01:35:11.492392
Brno-Nový Lískovec,Brno-Nový Lískovec,Nový Lískovec,2014,15,9,24,2026-01-12 01:35:11.492392
Brno-Nový Lískovec,Brno-Nový Lískovec,Nový Lískovec,2015,13,10,23,2026-01-12 01:35:11.492392
Brno-Nový Lískovec,Brno-Nový Lískovec,Nový Lískovec,2016,13,9,22,2026-01-12 01:35:11.492392
Brno-Nový Lískovec,Brno-Nový Lískovec,Nový Lískovec,2017,13,9,22,2026-01-12 01:35:11.492392
Brno-Nový Lískovec,Brno-Nový Lískovec,Nový Lískovec,2018,12,9,21,2026-01-12 01:35:11.492392
Brno-Nový Lískovec,Brno-Nový Lískovec,Nový Lískovec,2019,12,9,21,2026-01-12 01:35:11.492392
Brno-Nový Lískovec,Brno-Nový Lískovec,Nový Lískovec,2020,12,9,21,2026-01-12 01:35:11.492392
Brno-Nový Lískovec,Brno-Nový Lískovec,Nový Lískovec,2021,12,9,21,2026-01-12 01:35:11.492392
Brno-Nový Lískovec,Brno-Nový Lískovec,Nový Lískovec,2022,12,9,21,2026-01-12 01:35:11.492392
Brno-Nový Lískovec,Brno-Nový Lískovec,Nový Lískovec,2023,12,9,21,2026-01-12 01:35:11.492392
Brno-Nový Lískovec,Brno-Nový Lískovec,Pisárky,2010,21,6,27,2026-01-12 01:35:11.492392
Brno-Nový Lískovec,Brno-Nový Lískovec,Pisárky,2011,21,6,27,2026-01-12 01:35:11.492392
Brno-Nový Lískovec,Brno-Nový Lískovec,Pisárky,2012,22,5,27,2026-01-12 01:35:11.492392
Brno-Nový Lískovec,Brno-Nový Lískovec,Pisárky,2013,17,5,22,2026-01-12 01:35:11.492392
Brno-Nový Lískovec,Brno-Nový Lískovec,Pisárky,2014,18,5,23,2026-01-12 01:35:11.492392
Brno-Nový Lískovec,Brno-Nový Lískovec,Pisárky,2015,16,5,21,2026-01-12 01:35:11.492392
Brno-Nový Lískovec,Brno-Nový Lískovec,Pisárky,2016,17,8,25,2026-01-12 01:35:11.492392
Brno-Nový Lískovec,Brno-Nový Lískovec,Pisárky,2017,17,8,25,2026-01-12 01:35:11.492392
Brno-Nový Lískovec,Brno-Nový Lískovec,Pisárky,2018,16,9,25,2026-01-12 01:35:11.492392
Brno-Nový Lískovec,Brno-Nový Lískovec,Pisárky,2019,16,9,25,2026-01-12 01:35:11.492392
Brno-Nový Lískovec,Brno-Nový Lískovec,Pisárky,2020,16,9,25,2026-01-12 01:35:11.492392
Brno-Nový Lískovec,Brno-Nový Lískovec,Pisárky,2021,15,9,24,2026-01-12 01:35:11.492392
Brno-Nový Lískovec,Brno-Nový Lískovec,Pisárky,2022,15,9,24,2026-01-12 01:35:11.492392
Brno-Nový Lískovec,Brno-Nový Lískovec,Pisárky,2023,15,9,24,2026-01-12 01:35:11.492392
Brno-Ořešín,Brno-Ořešín,Ořešín,2010,7,11,18,2026-01-12 01:35:11.492392
Brno-Ořešín,Brno-Ořešín,Ořešín,2011,6,11,17,2026-01-12 01:35:11.492392
Brno-Ořešín,Brno-Ořešín,Ořešín,2012,6,11,17,2026-01-12 01:35:11.492392
Brno-Ořešín,Brno-Ořešín,Ořešín,2013,5,10,15,2026-01-12 01:35:11.492392
Brno-Ořešín,Brno-Ořešín,Ořešín,2014,5,10,15,2026-01-12 01:35:11.492392
Brno-Ořešín,Brno-Ořešín,Ořešín,2015,5,10,15,2026-01-12 01:35:11.492392
Brno-Ořešín,Brno-Ořešín,Ořešín,2016,5,10,15,2026-01-12 01:35:11.492392
Brno-Ořešín,Brno-Ořešín,Ořešín,2017,6,10,16,2026-01-12 01:35:11.492392
Brno-Ořešín,Brno-Ořešín,Ořešín,2018,6,10,16,2026-01-12 01:35:11.492392
Brno-Ořešín,Brno-Ořešín,Ořešín,2019,5,10,15,2026-01-12 01:35:11.492392
Brno-Ořešín,Brno-Ořešín,Ořešín,2020,4,10,14,2026-01-12 01:35:11.492392
Brno-Ořešín,Brno-Ořešín,Ořešín,2021,4,10,14,2026-01-12 01:35:11.492392
Brno-Ořešín,Brno-Ořešín,Ořešín,2022,3,12,15,2026-01-12 01:35:11.492392
Brno-Ořešín,Brno-Ořešín,Ořešín,2023,3,12,15,2026-01-12 01:35:11.492392
Brno-Slatina,Brno-Slatina,Líšeň,2010,7,4,11,2026-01-12 01:35:11.492392
Brno-Slatina,Brno-Slatina,Líšeň,2011,8,4,12,2026-01-12 01:35:11.492392
Brno-Slatina,Brno-Slatina,Líšeň,2012,8,4,12,2026-01-12 01:35:11.492392
Brno-Slatina,Brno-Slatina,Líšeň,2013,6,4,10,2026-01-12 01:35:11.492392
Brno-Slatina,Brno-Slatina,Líšeň,2014,6,4,10,2026-01-12 01:35:11.492392
Brno-Slatina,Brno-Slatina,Líšeň,2015,5,5,10,2026-01-12 01:35:11.492392
Brno-Slatina,Brno-Slatina,Líšeň,2016,5,5,10,2026-01-12 01:35:11.492392
Brno-Slatina,Brno-Slatina,Líšeň,2017,6,6,12,2026-01-12 01:35:11.492392
Brno-Slatina,Brno-Slatina,Líšeň,2018,6,6,12,2026-01-12 01:35:11.492392
Brno-Slatina,Brno-Slatina,Líšeň,2019,5,6,11,2026-01-12 01:35:11.492392
Brno-Slatina,Brno-Slatina,Líšeň,2020,5,6,11,2026-01-12 01:35:11.492392
Brno-Slatina,Brno-Slatina,Líšeň,2021,5,6,11,2026-01-12 01:35:11.492392
Brno-Slatina,Brno-Slatina,Líšeň,2022,5,6,11,2026-01-12 01:35:11.492392
Brno-Slatina,Brno-Slatina,Líšeň,2023,5,6,11,2026-01-12 01:35:11.492392
Brno-Slatina,Brno-Slatina,Slatina,2010,16,6,22,2026-01-12 01:35:11.492392
Brno-Slatina,Brno-Slatina,Slatina,2011,15,6,21,2026-01-12 01:35:11.492392
Brno-Slatina,Brno-Slatina,Slatina,2012,15,6,21,2026-01-12 01:35:11.492392
Brno-Slatina,Brno-Slatina,Slatina,2013,12,6,18,2026-01-12 01:35:11.492392
Brno-Slatina,Brno-Slatina,Slatina,2014,12,6,18,2026-01-12 01:35:11.492392
Brno-Slatina,Brno-Slatina,Slatina,2015,11,6,17,2026-01-12 01:35:11.492392
Brno-Slatina,Brno-Slatina,Slatina,2016,11,6,17,2026-01-12 01:35:11.492392
Brno-Slatina,Brno-Slatina,Slatina,2017,12,6,18,2026-01-12 01:35:11.492392
Brno-Slatina,Brno-Slatina,Slatina,2018,12,6,18,2026-01-12 01:35:11.492392
Brno-Slatina,Brno-Slatina,Slatina,2019,11,7,18,2026-01-12 01:35:11.492392
Brno-Slatina,Brno-Slatina,Slatina,2020,11,7,18,2026-01-12 01:35:11.492392
Brno-Slatina,Brno-Slatina,Slatina,2021,11,7,18,2026-01-12 01:35:11.492392
Brno-Slatina,Brno-Slatina,Slatina,2022,11,7,18,2026-01-12 01:35:11.492392
Brno-Slatina,Brno-Slatina,Slatina,2023,11,7,18,2026-01-12 01:35:11.492392
Brno-Slatina,Brno-Slatina,Židenice,2010,14,8,22,2026-01-12 01:35:11.492392
Brno-Slatina,Brno-Slatina,Židenice,2011,14,8,22,2026-01-12 01:35:11.492392
Brno-Slatina,Brno-Slatina,Židenice,2012,15,8,23,2026-01-12 01:35:11.492392
Brno-Slatina,Brno-Slatina,Židenice,2013,12,7,19,2026-01-12 01:35:11.492392
Brno-Slatina,Brno-Slatina,Židenice,2014,12,7,19,2026-01-12 01:35:11.492392
Brno-Slatina,Brno-Slatina,Židenice,2015,12,7,19,2026-01-12 01:35:11.492392
Brno-Slatina,Brno-Slatina,Židenice,2016,12,7,19,2026-01-12 01:35:11.492392
Brno-Slatina,Brno-Slatina,Židenice,2017,14,12,26,2026-01-12 01:35:11.492392
Brno-Slatina,Brno-Slatina,Židenice,2018,14,12,26,2026-01-12 01:35:11.492392
Brno-Slatina,Brno-Slatina,Židenice,2019,14,12,26,2026-01-12 01:35:11.492392
Brno-Slatina,Brno-Slatina,Židenice,2020,14,12,26,2026-01-12 01:35:11.492392
Brno-Slatina,Brno-Slatina,Židenice,2021,14,12,26,2026-01-12 01:35:11.492392
Brno-Slatina,Brno-Slatina,Židenice,2022,15,10,25,2026-01-12 01:35:11.492392
Brno-Slatina,Brno-Slatina,Židenice,2023,15,10,25,2026-01-12 01:35:11.492392
Brno-Starý Lískovec,Brno-Starý Lískovec,Bohunice,2010,10,6,16,2026-01-12 01:35:11.492392
Brno-Starý Lískovec,Brno-Starý Lískovec,Bohunice,2011,9,6,15,2026-01-12 01:35:11.492392
Brno-Starý Lískovec,Brno-Starý Lískovec,Bohunice,2012,8,6,14,2026-01-12 01:35:11.492392
Brno-Starý Lískovec,Brno-Starý Lískovec,Bohunice,2013,9,6,15,2026-01-12 01:35:11.492392
Brno-Starý Lískovec,Brno-Starý Lískovec,Bohunice,2014,10,6,16,2026-01-12 01:35:11.492392
Brno-Starý Lískovec,Brno-Starý Lískovec,Bohunice,2015,10,6,16,2026-01-12 01:35:11.492392
Brno-Starý Lískovec,Brno-Starý Lískovec,Bohunice,2016,1,6,7,2026-01-12 01:35:11.492392
Brno-Starý Lískovec,Brno-Starý Lískovec,Bohunice,2017,11,6,17,2026-01-12 01:35:11.492392
Brno-Starý Lískovec,Brno-Starý Lískovec,Bohunice,2018,11,6,17,2026-01-12 01:35:11.492392
Brno-Starý Lískovec,Brno-Starý Lískovec,Bohunice,2019,11,6,17,2026-01-12 01:35:11.492392
Brno-Starý Lískovec,Brno-Starý Lískovec,Bohunice,2020,11,6,17,2026-01-12 01:35:11.492392
Brno-Starý Lískovec,Brno-Starý Lískovec,Bohunice,2021,11,6,17,2026-01-12 01:35:11.492392
Brno-Starý Lískovec,Brno-Starý Lískovec,Bohunice,2022,11,11,22,2026-01-12 01:35:11.492392
Brno-Starý Lískovec,Brno-Starý Lískovec,Bohunice,2023,11,11,22,2026-01-12 01:35:11.492392
Brno-Starý Lískovec,Brno-Starý Lískovec,Bosonohy,2010,4,9,13,2026-01-12 01:35:11.492392
Brno-Starý Lískovec,Brno-Starý Lískovec,Bosonohy,2011,4,9,13,2026-01-12 01:35:11.492392
Brno-Starý Lískovec,Brno-Starý Lískovec,Bosonohy,2012,4,9,13,2026-01-12 01:35:11.492392
Brno-Starý Lískovec,Brno-Starý Lískovec,Bosonohy,2013,4,9,13,2026-01-12 01:35:11.492392
Brno-Starý Lískovec,Brno-Starý Lískovec,Bosonohy,2014,4,9,13,2026-01-12 01:35:11.492392
Brno-Starý Lískovec,Brno-Starý Lískovec,Bosonohy,2015,4,9,13,2026-01-12 01:35:11.492392
Brno-Starý Lískovec,Brno-Starý Lískovec,Bosonohy,2016,5,9,14,2026-01-12 01:35:11.492392
Brno-Starý Lískovec,Brno-Starý Lískovec,Bosonohy,2017,7,12,19,2026-01-12 01:35:11.492392
Brno-Starý Lískovec,Brno-Starý Lískovec,Bosonohy,2018,7,12,19,2026-01-12 01:35:11.492392
Brno-Starý Lískovec,Brno-Starý Lískovec,Bosonohy,2019,7,12,19,2026-01-12 01:35:11.492392
Brno-Starý Lískovec,Brno-Starý Lískovec,Bosonohy,2020,7,12,19,2026-01-12 01:35:11.492392
Brno-Starý Lískovec,Brno-Starý Lískovec,Bosonohy,2021,8,11,19,2026-01-12 01:35:11.492392
Brno-Starý Lískovec,Brno-Starý Lískovec,Bosonohy,2022,8,11,19,2026-01-12 01:35:11.492392
Brno-Starý Lískovec,Brno-Starý Lískovec,Bosonohy,2023,8,11,19,2026-01-12 01:35:11.492392
Brno-Starý Lískovec,Brno-Starý Lískovec,Nový Lískovec,2010,2,15,17,2026-01-12 01:35:11.492392
Brno-Starý Lískovec,Brno-Starý Lískovec,Nový Lískovec,2011,2,15,17,2026-01-12 01:35:11.492392
Brno-Starý Lískovec,Brno-Starý Lískovec,Nový Lískovec,2012,2,15,17,2026-01-12 01:35:11.492392
Brno-Starý Lískovec,Brno-Starý Lískovec,Nový Lískovec,2013,2,15,17,2026-01-12 01:35:11.492392
Brno-Starý Lískovec,Brno-Starý Lískovec,Nový Lískovec,2014,2,15,17,2026-01-12 01:35:11.492392
Brno-Starý Lískovec,Brno-Starý Lískovec,Nový Lískovec,2015,2,15,17,2026-01-12 01:35:11.492392
Brno-Starý Lískovec,Brno-Starý Lískovec,Nový Lískovec,2016,2,15,17,2026-01-12 01:35:11.492392
Brno-Starý Lískovec,Brno-Starý Lískovec,Nový Lískovec,2017,3,12,15,2026-01-12 01:35:11.492392
Brno-Starý Lískovec,Brno-Starý Lískovec,Nový Lískovec,2018,3,12,15,2026-01-12 01:35:11.492392
Brno-Starý Lískovec,Brno-Starý Lískovec,Nový Lískovec,2019,3,12,15,2026-01-12 01:35:11.492392
Brno-Starý Lískovec,Brno-Starý Lískovec,Nový Lískovec,2020,3,12,15,2026-01-12 01:35:11.492392
Brno-Starý Lískovec,Brno-Starý Lískovec,Nový Lískovec,2021,3,12,15,2026-01-12 01:35:11.492392
Brno-Starý Lískovec,Brno-Starý Lískovec,Nový Lískovec,2022,3,12,15,2026-01-12 01:35:11.492392
Brno-Starý Lískovec,Brno-Starý Lískovec,Nový Lískovec,2023,3,12,15,2026-01-12 01:35:11.492392
Brno-Starý Lískovec,Brno-Starý Lískovec,Starý Lískovec,2010,4,7,11,2026-01-12 01:35:11.492392
Brno-Starý Lískovec,Brno-Starý Lískovec,Starý Lískovec,2011,4,9,13,2026-01-12 01:35:11.492392
Brno-Starý Lískovec,Brno-Starý Lískovec,Starý Lískovec,2012,4,9,13,2026-01-12 01:35:11.492392
Brno-Starý Lískovec,Brno-Starý Lískovec,Starý Lískovec,2013,4,9,13,2026-01-12 01:35:11.492392
Brno-Starý Lískovec,Brno-Starý Lískovec,Starý Lískovec,2014,4,9,13,2026-01-12 01:35:11.492392
Brno-Starý Lískovec,Brno-Starý Lískovec,Starý Lískovec,2015,4,13,17,2026-01-12 01:35:11.492392
Brno-Starý Lískovec,Brno-Starý Lískovec,Starý Lískovec,2016,4,13,17,2026-01-12 01:35:11.492392
Brno-Starý Lískovec,Brno-Starý Lískovec,Starý Lískovec,2017,4,11,15,2026-01-12 01:35:11.492392
Brno-Starý Lískovec,Brno-Starý Lískovec,Starý Lískovec,2018,4,11,15,2026-01-12 01:35:11.492392
Brno-Starý Lískovec,Brno-Starý Lískovec,Starý Lískovec,2019,4,10,14,2026-01-12 01:35:11.492392
Brno-Starý Lískovec,Brno-Starý Lískovec,Starý Lískovec,2020,4,10,14,2026-01-12 01:35:11.492392
Brno-Starý Lískovec,Brno-Starý Lískovec,Starý Lískovec,2021,4,7,11,2026-01-12 01:35:11.492392
Brno-Starý Lískovec,Brno-Starý Lískovec,Starý Lískovec,2022,5,10,15,2026-01-12 01:35:11.492392
Brno-Starý Lískovec,Brno-Starý Lískovec,Starý Lískovec,2023,4,9,13,2026-01-12 01:35:11.492392
Brno-Tuřany,Brno-Tuřany,Brněnské Ivanovice,2010,3,9,12,2026-01-12 01:35:11.492392
Brno-Tuřany,Brno-Tuřany,Brněnské Ivanovice,2011,3,9,12,2026-01-12 01:35:11.492392
Brno-Tuřany,Brno-Tuřany,Brněnské Ivanovice,2012,4,9,13,2026-01-12 01:35:11.492392
Brno-Tuřany,Brno-Tuřany,Brněnské Ivanovice,2013,4,9,13,2026-01-12 01:35:11.492392
Brno-Tuřany,Brno-Tuřany,Brněnské Ivanovice,2014,4,9,13,2026-01-12 01:35:11.492392
Brno-Tuřany,Brno-Tuřany,Brněnské Ivanovice,2015,4,9,13,2026-01-12 01:35:11.492392
Brno-Tuřany,Brno-Tuřany,Brněnské Ivanovice,2016,4,9,13,2026-01-12 01:35:11.492392
Brno-Tuřany,Brno-Tuřany,Brněnské Ivanovice,2017,4,9,13,2026-01-12 01:35:11.492392
Brno-Tuřany,Brno-Tuřany,Brněnské Ivanovice,2018,4,9,13,2026-01-12 01:35:11.492392
Brno-Tuřany,Brno-Tuřany,Brněnské Ivanovice,2019,4,9,13,2026-01-12 01:35:11.492392
Brno-Tuřany,Brno-Tuřany,Brněnské Ivanovice,2020,4,9,13,2026-01-12 01:35:11.492392
Brno-Tuřany,Brno-Tuřany,Brněnské Ivanovice,2021,4,9,13,2026-01-12 01:35:11.492392
Brno-Tuřany,Brno-Tuřany,Brněnské Ivanovice,2022,4,12,16,2026-01-12 01:35:11.492392
Brno-Tuřany,Brno-Tuřany,Brněnské Ivanovice,2023,4,12,16,2026-01-12 01:35:11.492392
Brno-Tuřany,Brno-Tuřany,Dvorska,2010,5,10,15,2026-01-12 01:35:11.492392
Brno-Tuřany,Brno-Tuřany,Dvorska,2011,5,10,15,2026-01-12 01:35:11.492392
Brno-Tuřany,Brno-Tuřany,Dvorska,2012,5,10,15,2026-01-12 01:35:11.492392
Brno-Tuřany,Brno-Tuřany,Dvorska,2013,5,10,15,2026-01-12 01:35:11.492392
Brno-Tuřany,Brno-Tuřany,Dvorska,2014,5,10,15,2026-01-12 01:35:11.492392
Brno-Tuřany,Brno-Tuřany,Dvorska,2015,5,10,15,2026-01-12 01:35:11.492392
Brno-Tuřany,Brno-Tuřany,Dvorska,2016,5,10,15,2026-01-12 01:35:11.492392
Brno-Tuřany,Brno-Tuřany,Dvorska,2017,5,10,15,2026-01-12 01:35:11.492392
Brno-Tuřany,Brno-Tuřany,Dvorska,2018,5,10,15,2026-01-12 01:35:11.492392
Brno-Tuřany,Brno-Tuřany,Dvorska,2019,5,10,15,2026-01-12 01:35:11.492392
Brno-Tuřany,Brno-Tuřany,Dvorska,2020,5,10,15,2026-01-12 01:35:11.492392
Brno-Tuřany,Brno-Tuřany,Dvorska,2021,5,10,15,2026-01-12 01:35:11.492392
Brno-Tuřany,Brno-Tuřany,Dvorska,2022,6,11,17,2026-01-12 01:35:11.492392
Brno-Tuřany,Brno-Tuřany,Dvorska,2023,6,11,17,2026-01-12 01:35:11.492392
Brno-Tuřany,Brno-Tuřany,Holásky,2010,8,8,16,2026-01-12 01:35:11.492392
Brno-Tuřany,Brno-Tuřany,Holásky,2011,8,8,16,2026-01-12 01:35:11.492392
Brno-Tuřany,Brno-Tuřany,Holásky,2012,8,8,16,2026-01-12 01:35:11.492392
Brno-Tuřany,Brno-Tuřany,Holásky,2013,8,8,16,2026-01-12 01:35:11.492392
Brno-Tuřany,Brno-Tuřany,Holásky,2014,8,8,16,2026-01-12 01:35:11.492392
Brno-Tuřany,Brno-Tuřany,Holásky,2015,7,8,15,2026-01-12 01:35:11.492392
Brno-Tuřany,Brno-Tuřany,Holásky,2016,8,8,16,2026-01-12 01:35:11.492392
Brno-Tuřany,Brno-Tuřany,Holásky,2017,8,8,16,2026-01-12 01:35:11.492392
Brno-Tuřany,Brno-Tuřany,Holásky,2018,8,8,16,2026-01-12 01:35:11.492392
Brno-Tuřany,Brno-Tuřany,Holásky,2019,8,8,16,2026-01-12 01:35:11.492392
Brno-Tuřany,Brno-Tuřany,Holásky,2020,8,8,16,2026-01-12 01:35:11.492392
Brno-Tuřany,Brno-Tuřany,Holásky,2021,8,8,16,2026-01-12 01:35:11.492392
Brno-Tuřany,Brno-Tuřany,Holásky,2022,10,11,21,2026-01-12 01:35:11.492392
Brno-Tuřany,Brno-Tuřany,Holásky,2023,10,11,21,2026-01-12 01:35:11.492392
Brno-Tuřany,Brno-Tuřany,Slatina,2010,5,13,18,2026-01-12 01:35:11.492392
Brno-Tuřany,Brno-Tuřany,Slatina,2011,5,13,18,2026-01-12 01:35:11.492392
Brno-Tuřany,Brno-Tuřany,Slatina,2012,5,13,18,2026-01-12 01:35:11.492392
Brno-Tuřany,Brno-Tuřany,Slatina,2013,5,13,18,2026-01-12 01:35:11.492392
Brno-Tuřany,Brno-Tuřany,Slatina,2014,5,13,18,2026-01-12 01:35:11.492392
Brno-Tuřany,Brno-Tuřany,Slatina,2015,5,13,18,2026-01-12 01:35:11.492392
Brno-Tuřany,Brno-Tuřany,Slatina,2016,5,15,20,2026-01-12 01:35:11.492392
Brno-Tuřany,Brno-Tuřany,Slatina,2017,5,15,20,2026-01-12 01:35:11.492392
Brno-Tuřany,Brno-Tuřany,Slatina,2018,5,15,20,2026-01-12 01:35:11.492392
Brno-Tuřany,Brno-Tuřany,Slatina,2019,5,15,20,2026-01-12 01:35:11.492392
Brno-Tuřany,Brno-Tuřany,Slatina,2020,5,15,20,2026-01-12 01:35:11.492392
Brno-Tuřany,Brno-Tuřany,Slatina,2021,5,15,20,2026-01-12 01:35:11.492392
Brno-Tuřany,Brno-Tuřany,Slatina,2022,6,16,22,2026-01-12 01:35:11.492392
Brno-Tuřany,Brno-Tuřany,Slatina,2023,6,16,22,2026-01-12 01:35:11.492392
Brno-Tuřany,Brno-Tuřany,Tuřany,2010,8,9,17,2026-01-12 01:35:11.492392
Brno-Tuřany,Brno-Tuřany,Tuřany,2011,8,9,17,2026-01-12 01:35:11.492392
Brno-Tuřany,Brno-Tuřany,Tuřany,2012,8,9,17,2026-01-12 01:35:11.492392
Brno-Tuřany,Brno-Tuřany,Tuřany,2013,8,9,17,2026-01-12 01:35:11.492392
Brno-Tuřany,Brno-Tuřany,Tuřany,2014,8,9,17,2026-01-12 01:35:11.492392
Brno-Tuřany,Brno-Tuřany,Tuřany,2015,8,9,17,2026-01-12 01:35:11.492392
Brno-Tuřany,Brno-Tuřany,Tuřany,2016,8,9,17,2026-01-12 01:35:11.492392
Brno-Tuřany,Brno-Tuřany,Tuřany,2017,8,9,17,2026-01-12 01:35:11.492392
Brno-Tuřany,Brno-Tuřany,Tuřany,2018,8,9,17,2026-01-12 01:35:11.492392
Brno-Tuřany,Brno-Tuřany,Tuřany,2019,8,9,17,2026-01-12 01:35:11.492392
Brno-Tuřany,Brno-Tuřany,Tuřany,2020,8,9,17,2026-01-12 01:35:11.492392
Brno-Tuřany,Brno-Tuřany,Tuřany,2021,8,9,17,2026-01-12 01:35:11.492392
Brno-Tuřany,Brno-Tuřany,Tuřany,2022,10,10,20,2026-01-12 01:35:11.492392
Brno-Tuřany,Brno-Tuřany,Tuřany,2023,10,10,20,2026-01-12 01:35:11.492392
Brno-Tuřany,Brno-Tuřany,Černovice,2010,10,8,18,2026-01-12 01:35:11.492392
Brno-Tuřany,Brno-Tuřany,Černovice,2011,10,8,18,2026-01-12 01:35:11.492392
Brno-Tuřany,Brno-Tuřany,Černovice,2012,9,8,17,2026-01-12 01:35:11.492392
Brno-Tuřany,Brno-Tuřany,Černovice,2013,9,8,17,2026-01-12 01:35:11.492392
Brno-Tuřany,Brno-Tuřany,Černovice,2014,9,8,17,2026-01-12 01:35:11.492392
Brno-Tuřany,Brno-Tuřany,Černovice,2015,9,8,17,2026-01-12 01:35:11.492392
Brno-Tuřany,Brno-Tuřany,Černovice,2016,11,6,17,2026-01-12 01:35:11.492392
Brno-Tuřany,Brno-Tuřany,Černovice,2017,11,6,17,2026-01-12 01:35:11.492392
Brno-Tuřany,Brno-Tuřany,Černovice,2018,11,6,17,2026-01-12 01:35:11.492392
Brno-Tuřany,Brno-Tuřany,Černovice,2019,11,6,17,2026-01-12 01:35:11.492392
Brno-Tuřany,Brno-Tuřany,Černovice,2020,11,6,17,2026-01-12 01:35:11.492392
Brno-Tuřany,Brno-Tuřany,Černovice,2021,11,6,17,2026-01-12 01:35:11.492392
Brno-Tuřany,Brno-Tuřany,Černovice,2022,11,12,23,2026-01-12 01:35:11.492392
Brno-Tuřany,Brno-Tuřany,Černovice,2023,11,12,23,2026-01-12 01:35:11.492392
Brno-Útěchov,Brno-Útěchov,Útěchov u Brna,2010,11,9,20,2026-01-12 01:35:11.492392
Brno-Útěchov,Brno-Útěchov,Útěchov u Brna,2011,11,9,20,2026-01-12 01:35:11.492392
Brno-Útěchov,Brno-Útěchov,Útěchov u Brna,2012,10,9,19,2026-01-12 01:35:11.492392
Brno-Útěchov,Brno-Útěchov,Útěchov u Brna,2013,10,9,19,2026-01-12 01:35:11.492392
Brno-Útěchov,Brno-Útěchov,Útěchov u Brna,2014,11,10,21,2026-01-12 01:35:11.492392
Brno-Útěchov,Brno-Útěchov,Útěchov u Brna,2015,11,10,21,2026-01-12 01:35:11.492392
Brno-Útěchov,Brno-Útěchov,Útěchov u Brna,2016,10,9,19,2026-01-12 01:35:11.492392
Brno-Útěchov,Brno-Útěchov,Útěchov u Brna,2017,10,9,19,2026-01-12 01:35:11.492392
Brno-Útěchov,Brno-Útěchov,Útěchov u Brna,2018,10,9,19,2026-01-12 01:35:11.492392
Brno-Útěchov,Brno-Útěchov,Útěchov u Brna,2019,10,9,19,2026-01-12 01:35:11.492392
Brno-Útěchov,Brno-Útěchov,Útěchov u Brna,2020,10,9,19,2026-01-12 01:35:11.492392
Brno-Útěchov,Brno-Útěchov,Útěchov u Brna,2021,10,9,19,2026-01-12 01:35:11.492392
Brno-Útěchov,Brno-Útěchov,Útěchov u Brna,2022,10,13,23,2026-01-12 01:35:11.492392
Brno-Útěchov,Brno-Útěchov,Útěchov u Brna,2023,10,13,23,2026-01-12 01:35:11.492392
Brno-Vinohrady,Brno-Vinohrady,Maloměřice,2010,10,9,19,2026-01-12 01:35:11.492392
Brno-Vinohrady,Brno-Vinohrady,Maloměřice,2011,10,10,20,2026-01-12 01:35:11.492392
Brno-Vinohrady,Brno-Vinohrady,Maloměřice,2012,9,10,19,2026-01-12 01:35:11.492392
Brno-Vinohrady,Brno-Vinohrady,Maloměřice,2013,9,10,19,2026-01-12 01:35:11.492392
Brno-Vinohrady,Brno-Vinohrady,Maloměřice,2014,10,9,19,2026-01-12 01:35:11.492392
Brno-Vinohrady,Brno-Vinohrady,Maloměřice,2015,9,9,18,2026-01-12 01:35:11.492392
Brno-Vinohrady,Brno-Vinohrady,Maloměřice,2016,9,9,18,2026-01-12 01:35:11.492392
Brno-Vinohrady,Brno-Vinohrady,Maloměřice,2017,10,9,19,2026-01-12 01:35:11.492392
Brno-Vinohrady,Brno-Vinohrady,Maloměřice,2018,10,9,19,2026-01-12 01:35:11.492392
Brno-Vinohrady,Brno-Vinohrady,Maloměřice,2019,10,9,19,2026-01-12 01:35:11.492392
Brno-Vinohrady,Brno-Vinohrady,Maloměřice,2020,10,9,19,2026-01-12 01:35:11.492392
Brno-Vinohrady,Brno-Vinohrady,Maloměřice,2021,10,9,19,2026-01-12 01:35:11.492392
Brno-Vinohrady,Brno-Vinohrady,Maloměřice,2022,10,13,23,2026-01-12 01:35:11.492392
Brno-Vinohrady,Brno-Vinohrady,Maloměřice,2023,10,13,23,2026-01-12 01:35:11.492392
Brno-Vinohrady,Brno-Vinohrady,Židenice,2010,8,10,18,2026-01-12 01:35:11.492392
Brno-Vinohrady,Brno-Vinohrady,Židenice,2011,8,10,18,2026-01-12 01:35:11.492392
Brno-Vinohrady,Brno-Vinohrady,Židenice,2012,8,10,18,2026-01-12 01:35:11.492392
Brno-Vinohrady,Brno-Vinohrady,Židenice,2013,8,10,18,2026-01-12 01:35:11.492392
Brno-Vinohrady,Brno-Vinohrady,Židenice,2014,8,10,18,2026-01-12 01:35:11.492392
Brno-Vinohrady,Brno-Vinohrady,Židenice,2015,8,10,18,2026-01-12 01:35:11.492392
Brno-Vinohrady,Brno-Vinohrady,Židenice,2016,9,10,19,2026-01-12 01:35:11.492392
Brno-Vinohrady,Brno-Vinohrady,Židenice,2017,9,10,19,2026-01-12 01:35:11.492392
Brno-Vinohrady,Brno-Vinohrady,Židenice,2018,9,10,19,2026-01-12 01:35:11.492392
Brno-Vinohrady,Brno-Vinohrady,Židenice,2019,9,10,19,2026-01-12 01:35:11.492392
Brno-Vinohrady,Brno-Vinohrady,Židenice,2020,9,10,19,2026-01-12 01:35:11.492392
Brno-Vinohrady,Brno-Vinohrady,Židenice,2021,9,10,19,2026-01-12 01:35:11.492392
Brno-Vinohrady,Brno-Vinohrady,Židenice,2022,10,12,22,2026-01-12 01:35:11.492392
Brno-Vinohrady,Brno-Vinohrady,Židenice,2023,10,12,22,2026-01-12 01:35:11.492392
Brno-jih,Brno-jih,Dolní Heršpice,2010,6,10,16,2026-01-12 01:35:11.492392
Brno-jih,Brno-jih,Dolní Heršpice,2011,6,10,16,2026-01-12 01:35:11.492392
Brno-jih,Brno-jih,Dolní Heršpice,2012,6,10,16,2026-01-12 01:35:11.492392
Brno-jih,Brno-jih,Dolní Heršpice,2013,6,10,16,2026-01-12 01:35:11.492392
Brno-jih,Brno-jih,Dolní Heršpice,2014,6,10,16,2026-01-12 01:35:11.492392
Brno-jih,Brno-jih,Dolní Heršpice,2015,6,10,16,2026-01-12 01:35:11.492392
Brno-jih,Brno-jih,Dolní Heršpice,2016,6,8,14,2026-01-12 01:35:11.492392
Brno-jih,Brno-jih,Dolní Heršpice,2017,6,8,14,2026-01-12 01:35:11.492392
Brno-jih,Brno-jih,Dolní Heršpice,2018,6,8,14,2026-01-12 01:35:11.492392
Brno-jih,Brno-jih,Dolní Heršpice,2019,6,8,14,2026-01-12 01:35:11.492392
Brno-jih,Brno-jih,Dolní Heršpice,2020,6,8,14,2026-01-12 01:35:11.492392
Brno-jih,Brno-jih,Dolní Heršpice,2021,6,8,14,2026-01-12 01:35:11.492392
Brno-jih,Brno-jih,Dolní Heršpice,2022,6,11,17,2026-01-12 01:35:11.492392
Brno-jih,Brno-jih,Dolní Heršpice,2023,6,11,17,2026-01-12 01:35:11.492392
Brno-jih,Brno-jih,Horní Heršpice,2010,5,10,15,2026-01-12 01:35:11.492392
Brno-jih,Brno-jih,Horní Heršpice,2011,5,10,15,2026-01-12 01:35:11.492392
Brno-jih,Brno-jih,Horní Heršpice,2012,5,10,15,2026-01-12 01:35:11.492392
Brno-jih,Brno-jih,Horní Heršpice,2013,4,8,12,2026-01-12 01:35:11.492392
Brno-jih,Brno-jih,Horní Heršpice,2014,4,8,12,2026-01-12 01:35:11.492392
Brno-jih,Brno-jih,Horní Heršpice,2015,4,8,12,2026-01-12 01:35:11.492392
Brno-jih,Brno-jih,Horní Heršpice,2016,6,8,14,2026-01-12 01:35:11.492392
Brno-jih,Brno-jih,Horní Heršpice,2017,7,13,20,2026-01-12 01:35:11.492392
Brno-jih,Brno-jih,Horní Heršpice,2018,7,13,20,2026-01-12 01:35:11.492392
Brno-jih,Brno-jih,Horní Heršpice,2019,7,13,20,2026-01-12 01:35:11.492392
Brno-jih,Brno-jih,Horní Heršpice,2020,7,13,20,2026-01-12 01:35:11.492392
Brno-jih,Brno-jih,Horní Heršpice,2021,7,13,20,2026-01-12 01:35:11.492392
Brno-jih,Brno-jih,Horní Heršpice,2022,7,15,22,2026-01-12 01:35:11.492392
Brno-jih,Brno-jih,Horní Heršpice,2023,7,15,22,2026-01-12 01:35:11.492392
Brno-jih,Brno-jih,Komárov,2010,8,7,15,2026-01-12 01:35:11.492392
Brno-jih,Brno-jih,Komárov,2011,8,7,15,2026-01-12 01:35:11.492392
Brno-jih,Brno-jih,Komárov,2012,8,7,15,2026-01-12 01:35:11.492392
Brno-jih,Brno-jih,Komárov,2013,7,6,13,2026-01-12 01:35:11.492392
Brno-jih,Brno-jih,Komárov,2014,7,6,13,2026-01-12 01:35:11.492392
Brno-jih,Brno-jih,Komárov,2015,7,6,13,2026-01-12 01:35:11.492392
Brno-jih,Brno-jih,Komárov,2016,7,6,13,2026-01-12 01:35:11.492392
Brno-jih,Brno-jih,Komárov,2017,7,10,17,2026-01-12 01:35:11.492392
Brno-jih,Brno-jih,Komárov,2018,7,10,17,2026-01-12 01:35:11.492392
Brno-jih,Brno-jih,Komárov,2019,7,10,17,2026-01-12 01:35:11.492392
Brno-jih,Brno-jih,Komárov,2020,7,10,17,2026-01-12 01:35:11.492392
Brno-jih,Brno-jih,Komárov,2021,7,10,17,2026-01-12 01:35:11.492392
Brno-jih,Brno-jih,Komárov,2022,7,10,17,2026-01-12 01:35:11.492392
Brno-jih,Brno-jih,Komárov,2023,7,12,19,2026-01-12 01:35:11.492392
Brno-jih,Brno-jih,Přízřenice,2010,6,6,12,2026-01-12 01:35:11.492392
Brno-jih,Brno-jih,Přízřenice,2011,6,6,12,2026-01-12 01:35:11.492392
Brno-jih,Brno-jih,Přízřenice,2012,6,6,12,2026-01-12 01:35:11.492392
Brno-jih,Brno-jih,Přízřenice,2013,6,6,12,2026-01-12 01:35:11.492392
Brno-jih,Brno-jih,Přízřenice,2014,6,6,12,2026-01-12 01:35:11.492392
Brno-jih,Brno-jih,Přízřenice,2015,6,6,12,2026-01-12 01:35:11.492392
Brno-jih,Brno-jih,Přízřenice,2016,6,6,12,2026-01-12 01:35:11.492392
Brno-jih,Brno-jih,Přízřenice,2017,6,8,14,2026-01-12 01:35:11.492392
Brno-jih,Brno-jih,Přízřenice,2018,6,8,14,2026-01-12 01:35:11.492392
Brno-jih,Brno-jih,Přízřenice,2019,6,8,14,2026-01-12 01:35:11.492392
Brno-jih,Brno-jih,Přízřenice,2020,6,8,14,2026-01-12 01:35:11.492392
Brno-jih,Brno-jih,Přízřenice,2021,6,8,14,2026-01-12 01:35:11.492392
Brno-jih,Brno-jih,Přízřenice,2022,6,8,14,2026-01-12 01:35:11.492392
Brno-jih,Brno-jih,Přízřenice,2023,6,11,17,2026-01-12 01:35:11.492392
Brno-jih,Brno-jih,Trnitá,2010,12,10,22,2026-01-12 01:35:11.492392
Brno-jih,Brno-jih,Trnitá,2011,13,11,24,2026-01-12 01:35:11.492392
Brno-jih,Brno-jih,Trnitá,2012,12,11,23,2026-01-12 01:35:11.492392
Brno-jih,Brno-jih,Trnitá,2013,12,11,23,2026-01-12 01:35:11.492392
Brno-jih,Brno-jih,Trnitá,2014,12,11,23,2026-01-12 01:35:11.492392
Brno-jih,Brno-jih,Trnitá,2015,12,11,23,2026-01-12 01:35:11.492392
Brno-jih,Brno-jih,Trnitá,2016,12,11,23,2026-01-12 01:35:11.492392
Brno-jih,Brno-jih,Trnitá,2017,13,12,25,2026-01-12 01:35:11.492392
Brno-jih,Brno-jih,Trnitá,2018,13,12,25,2026-01-12 01:35:11.492392
Brno-jih,Brno-jih,Trnitá,2019,13,12,25,2026-01-12 01:35:11.492392
Brno-jih,Brno-jih,Trnitá,2020,13,12,25,2026-01-12 01:35:11.492392
Brno-jih,Brno-jih,Trnitá,2021,13,12,25,2026-01-12 01:35:11.492392
Brno-jih,Brno-jih,Trnitá,2022,13,12,25,2026-01-12 01:35:11.492392
Brno-jih,Brno-jih,Trnitá,2023,13,12,25,2026-01-12 01:35:11.492392
Brno-jih,Brno-jih,Štýřice,2010,9,10,19,2026-01-12 01:35:11.492392
Brno-jih,Brno-jih,Štýřice,2011,9,10,19,2026-01-12 01:35:11.492392
Brno-jih,Brno-jih,Štýřice,2012,10,10,20,2026-01-12 01:35:11.492392
Brno-jih,Brno-jih,Štýřice,2013,8,8,16,2026-01-12 01:35:11.492392
Brno-jih,Brno-jih,Štýřice,2014,8,8,16,2026-01-12 01:35:11.492392
Brno-jih,Brno-jih,Štýřice,2015,8,8,16,2026-01-12 01:35:11.492392
Brno-jih,Brno-jih,Štýřice,2016,8,8,16,2026-01-12 01:35:11.492392
Brno-jih,Brno-jih,Štýřice,2017,8,14,22,2026-01-12 01:35:11.492392
Brno-jih,Brno-jih,Štýřice,2018,8,14,22,2026-01-12 01:35:11.492392
Brno-jih,Brno-jih,Štýřice,2019,8,14,22,2026-01-12 01:35:11.492392
Brno-jih,Brno-jih,Štýřice,2020,8,14,22,2026-01-12 01:35:11.492392
Brno-jih,Brno-jih,Štýřice,2021,8,14,22,2026-01-12 01:35:11.492392
Brno-jih,Brno-jih,Štýřice,2022,8,14,22,2026-01-12 01:35:11.492392
Brno-jih,Brno-jih,Štýřice,2023,8,14,22,2026-01-12 01:35:11.492392
Brno-sever,Brno-sever,Husovice,2010,9,10,19,2026-01-12 01:35:11.492392
Brno-sever,Brno-sever,Husovice,2011,9,10,19,2026-01-12 01:35:11.492392
Brno-sever,Brno-sever,Husovice,2012,10,10,20,2026-01-12 01:35:11.492392
Brno-sever,Brno-sever,Husovice,2013,8,8,16,2026-01-12 01:35:11.492392
Brno-sever,Brno-sever,Husovice,2014,8,8,16,2026-01-12 01:35:11.492392
Brno-sever,Brno-sever,Husovice,2015,8,8,16,2026-01-12 01:35:11.492392
Brno-sever,Brno-sever,Husovice,2016,8,10,18,2026-01-12 01:35:11.492392
Brno-sever,Brno-sever,Husovice,2017,8,12,20,2026-01-12 01:35:11.492392
Brno-sever,Brno-sever,Husovice,2018,8,12,20,2026-01-12 01:35:11.492392
Brno-sever,Brno-sever,Husovice,2019,8,12,20,2026-01-12 01:35:11.492392
Brno-sever,Brno-sever,Husovice,2020,8,12,20,2026-01-12 01:35:11.492392
Brno-sever,Brno-sever,Husovice,2021,8,12,20,2026-01-12 01:35:11.492392
Brno-sever,Brno-sever,Husovice,2022,9,15,24,2026-01-12 01:35:11.492392
Brno-sever,Brno-sever,Husovice,2023,9,15,24,2026-01-12 01:35:11.492392
Brno-sever,Brno-sever,Lesná,2010,4,6,10,2026-01-12 01:35:11.492392
Brno-sever,Brno-sever,Lesná,2011,4,6,10,2026-01-12 01:35:11.492392
Brno-sever,Brno-sever,Lesná,2012,4,6,10,2026-01-12 01:35:11.492392
Brno-sever,Brno-sever,Lesná,2013,4,6,10,2026-01-12 01:35:11.492392
Brno-sever,Brno-sever,Lesná,2014,4,6,10,2026-01-12 01:35:11.492392
Brno-sever,Brno-sever,Lesná,2015,4,6,10,2026-01-12 01:35:11.492392
Brno-sever,Brno-sever,Lesná,2016,4,6,10,2026-01-12 01:35:11.492392
Brno-sever,Brno-sever,Lesná,2017,6,9,15,2026-01-12 01:35:11.492392
Brno-sever,Brno-sever,Lesná,2018,6,9,15,2026-01-12 01:35:11.492392
Brno-sever,Brno-sever,Lesná,2019,6,9,15,2026-01-12 01:35:11.492392
Brno-sever,Brno-sever,Lesná,2020,6,9,15,2026-01-12 01:35:11.492392
Brno-sever,Brno-sever,Lesná,2021,6,9,15,2026-01-12 01:35:11.492392
Brno-sever,Brno-sever,Lesná,2022,6,9,15,2026-01-12 01:35:11.492392
Brno-sever,Brno-sever,Lesná,2023,7,11,18,2026-01-12 01:35:11.492392
Brno-sever,Brno-sever,Ponava,2010,12,6,18,2026-01-12 01:35:11.492392
Brno-sever,Brno-sever,Ponava,2011,12,6,18,2026-01-12 01:35:11.492392
Brno-sever,Brno-sever,Ponava,2012,11,6,17,2026-01-12 01:35:11.492392
Brno-sever,Brno-sever,Ponava,2013,10,6,16,2026-01-12 01:35:11.492392
Brno-sever,Brno-sever,Ponava,2014,10,6,16,2026-01-12 01:35:11.492392
Brno-sever,Brno-sever,Ponava,2015,11,5,16,2026-01-12 01:35:11.492392
Brno-sever,Brno-sever,Ponava,2016,11,5,16,2026-01-12 01:35:11.492392
Brno-sever,Brno-sever,Ponava,2017,14,7,21,2026-01-12 01:35:11.492392
Brno-sever,Brno-sever,Ponava,2018,14,7,21,2026-01-12 01:35:11.492392
Brno-sever,Brno-sever,Ponava,2019,14,7,21,2026-01-12 01:35:11.492392
Brno-sever,Brno-sever,Ponava,2020,14,7,21,2026-01-12 01:35:11.492392
Brno-sever,Brno-sever,Ponava,2021,14,7,21,2026-01-12 01:35:11.492392
Brno-sever,Brno-sever,Ponava,2022,14,7,21,2026-01-12 01:35:11.492392
Brno-sever,Brno-sever,Ponava,2023,14,7,21,2026-01-12 01:35:11.492392
Brno-sever,Brno-sever,Soběšice,2010,11,5,16,2026-01-12 01:35:11.492392
Brno-sever,Brno-sever,Soběšice,2011,11,5,16,2026-01-12 01:35:11.492392
Brno-sever,Brno-sever,Soběšice,2012,10,5,15,2026-01-12 01:35:11.492392
Brno-sever,Brno-sever,Soběšice,2013,9,5,14,2026-01-12 01:35:11.492392
Brno-sever,Brno-sever,Soběšice,2014,9,5,14,2026-01-12 01:35:11.492392
Brno-sever,Brno-sever,Soběšice,2015,11,5,16,2026-01-12 01:35:11.492392
Brno-sever,Brno-sever,Soběšice,2016,11,5,16,2026-01-12 01:35:11.492392
Brno-sever,Brno-sever,Soběšice,2017,11,5,16,2026-01-12 01:35:11.492392
Brno-sever,Brno-sever,Soběšice,2018,11,5,16,2026-01-12 01:35:11.492392
Brno-sever,Brno-sever,Soběšice,2019,11,5,16,2026-01-12 01:35:11.492392
Brno-sever,Brno-sever,Soběšice,2020,11,5,16,2026-01-12 01:35:11.492392
Brno-sever,Brno-sever,Soběšice,2021,11,5,16,2026-01-12 01:35:11.492392
Brno-sever,Brno-sever,Soběšice,2022,11,5,16,2026-01-12 01:35:11.492392
Brno-sever,Brno-sever,Soběšice,2023,12,7,19,2026-01-12 01:35:11.492392
Brno-sever,Brno-sever,Zábrdovice,2010,14,5,19,2026-01-12 01:35:11.492392
Brno-sever,Brno-sever,Zábrdovice,2011,15,5,20,2026-01-12 01:35:11.492392
Brno-sever,Brno-sever,Zábrdovice,2012,14,5,19,2026-01-12 01:35:11.492392
Brno-sever,Brno-sever,Zábrdovice,2013,12,5,17,2026-01-12 01:35:11.492392
Brno-sever,Brno-sever,Zábrdovice,2014,12,5,17,2026-01-12 01:35:11.492392
Brno-sever,Brno-sever,Zábrdovice,2015,13,10,23,2026-01-12 01:35:11.492392
Brno-sever,Brno-sever,Zábrdovice,2016,13,10,23,2026-01-12 01:35:11.492392
Brno-sever,Brno-sever,Zábrdovice,2017,13,10,23,2026-01-12 01:35:11.492392
Brno-sever,Brno-sever,Zábrdovice,2018,13,10,23,2026-01-12 01:35:11.492392
Brno-sever,Brno-sever,Zábrdovice,2019,13,10,23,2026-01-12 01:35:11.492392
Brno-sever,Brno-sever,Zábrdovice,2020,13,10,23,2026-01-12 01:35:11.492392
Brno-sever,Brno-sever,Zábrdovice,2021,12,10,22,2026-01-12 01:35:11.492392
Brno-sever,Brno-sever,Zábrdovice,2022,12,10,22,2026-01-12 01:35:11.492392
Brno-sever,Brno-sever,Zábrdovice,2023,12,10,22,2026-01-12 01:35:11.492392
Brno-sever,Brno-sever,Černá Pole,2010,13,6,19,2026-01-12 01:35:11.492392
Brno-sever,Brno-sever,Černá Pole,2011,14,5,19,2026-01-12 01:35:11.492392
Brno-sever,Brno-sever,Černá Pole,2012,13,5,18,2026-01-12 01:35:11.492392
Brno-sever,Brno-sever,Černá Pole,2013,11,5,16,2026-01-12 01:35:11.492392
Brno-sever,Brno-sever,Černá Pole,2014,11,5,16,2026-01-12 01:35:11.492392
Brno-sever,Brno-sever,Černá Pole,2015,11,5,16,2026-01-12 01:35:11.492392
Brno-sever,Brno-sever,Černá Pole,2016,11,5,16,2026-01-12 01:35:11.492392
Brno-sever,Brno-sever,Černá Pole,2017,11,5,16,2026-01-12 01:35:11.492392
Brno-sever,Brno-sever,Černá Pole,2018,11,5,16,2026-01-12 01:35:11.492392
Brno-sever,Brno-sever,Černá Pole,2019,11,5,16,2026-01-12 01:35:11.492392
Brno-sever,Brno-sever,Černá Pole,2020,11,5,16,2026-01-12 01:35:11.492392
Brno-sever,Brno-sever,Černá Pole,2021,9,8,17,2026-01-12 01:35:11.492392
Brno-sever,Brno-sever,Černá Pole,2022,9,8,17,2026-01-12 01:35:11.492392
Brno-sever,Brno-sever,Černá Pole,2023,9,8,17,2026-01-12 01:35:11.492392
Brno-střed,Brno-střed,Komárov,2010,17,10,27,2026-01-12 01:35:11.492392
Brno-střed,Brno-střed,Komárov,2011,17,9,26,2026-01-12 01:35:11.492392
Brno-střed,Brno-střed,Komárov,2012,17,9,26,2026-01-12 01:35:11.492392
Brno-střed,Brno-střed,Komárov,2013,17,9,26,2026-01-12 01:35:11.492392
Brno-střed,Brno-střed,Komárov,2014,17,9,26,2026-01-12 01:35:11.492392
Brno-střed,Brno-střed,Komárov,2015,17,9,26,2026-01-12 01:35:11.492392
Brno-střed,Brno-střed,Komárov,2016,16,9,25,2026-01-12 01:35:11.492392
Brno-střed,Brno-střed,Komárov,2017,17,9,26,2026-01-12 01:35:11.492392
Brno-střed,Brno-střed,Komárov,2018,16,9,25,2026-01-12 01:35:11.492392
Brno-střed,Brno-střed,Komárov,2019,16,9,25,2026-01-12 01:35:11.492392
Brno-střed,Brno-střed,Komárov,2020,16,9,25,2026-01-12 01:35:11.492392
Brno-střed,Brno-střed,Komárov,2021,15,11,26,2026-01-12 01:35:11.492392
Brno-střed,Brno-střed,Komárov,2022,15,11,26,2026-01-12 01:35:11.492392
Brno-střed,Brno-střed,Komárov,2023,15,11,26,2026-01-12 01:35:11.492392
Brno-střed,Brno-střed,Město Brno,2010,13,11,24,2026-01-12 01:35:11.492392
Brno-střed,Brno-střed,Město Brno,2011,11,11,22,2026-01-12 01:35:11.492392
Brno-střed,Brno-střed,Město Brno,2012,10,10,20,2026-01-12 01:35:11.492392
Brno-střed,Brno-střed,Město Brno,2013,10,10,20,2026-01-12 01:35:11.492392
Brno-střed,Brno-střed,Město Brno,2014,11,10,21,2026-01-12 01:35:11.492392
Brno-střed,Brno-střed,Město Brno,2015,11,10,21,2026-01-12 01:35:11.492392
Brno-střed,Brno-střed,Město Brno,2016,11,10,21,2026-01-12 01:35:11.492392
Brno-střed,Brno-střed,Město Brno,2017,10,10,20,2026-01-12 01:35:11.492392
Brno-střed,Brno-střed,Město Brno,2018,9,10,19,2026-01-12 01:35:11.492392
Brno-střed,Brno-střed,Město Brno,2019,9,10,19,2026-01-12 01:35:11.492392
Brno-střed,Brno-střed,Město Brno,2020,9,10,19,2026-01-12 01:35:11.492392
Brno-střed,Brno-střed,Město Brno,2021,8,13,21,2026-01-12 01:35:11.492392
Brno-střed,Brno-střed,Město Brno,2022,8,13,21,2026-01-12 01:35:11.492392
Brno-střed,Brno-střed,Město Brno,2023,8,13,21,2026-01-12 01:35:11.492392
Brno-střed,Brno-střed,Pisárky,2010,33,9,42,2026-01-12 01:35:11.492392
Brno-střed,Brno-střed,Pisárky,2011,33,11,44,2026-01-12 01:35:11.492392
Brno-střed,Brno-střed,Pisárky,2012,33,11,44,2026-01-12 01:35:11.492392
Brno-střed,Brno-střed,Pisárky,2013,39,10,49,2026-01-12 01:35:11.492392
Brno-střed,Brno-střed,Pisárky,2014,40,10,50,2026-01-12 01:35:11.492392
Brno-střed,Brno-střed,Pisárky,2015,42,10,52,2026-01-12 01:35:11.492392
Brno-střed,Brno-střed,Pisárky,2016,42,10,52,2026-01-12 01:35:11.492392
Brno-střed,Brno-střed,Pisárky,2017,42,10,52,2026-01-12 01:35:11.492392
Brno-střed,Brno-střed,Pisárky,2018,43,11,54,2026-01-12 01:35:11.492392
Brno-střed,Brno-střed,Pisárky,2019,43,11,54,2026-01-12 01:35:11.492392
Brno-střed,Brno-střed,Pisárky,2020,43,13,56,2026-01-12 01:35:11.492392
Brno-střed,Brno-střed,Pisárky,2021,44,12,56,2026-01-12 01:35:11.492392
Brno-střed,Brno-střed,Pisárky,2022,44,12,56,2026-01-12 01:35:11.492392
Brno-střed,Brno-střed,Pisárky,2023,44,12,56,2026-01-12 01:35:11.492392
Brno-střed,Brno-střed,Ponava,2010,33,9,42,2026-01-12 01:35:11.492392
Brno-střed,Brno-střed,Ponava,2011,33,9,42,2026-01-12 01:35:11.492392
Brno-střed,Brno-střed,Ponava,2012,33,9,42,2026-01-12 01:35:11.492392
Brno-střed,Brno-střed,Ponava,2013,42,10,52,2026-01-12 01:35:11.492392
Brno-střed,Brno-střed,Ponava,2014,43,10,53,2026-01-12 01:35:11.492392
Brno-střed,Brno-střed,Ponava,2015,46,10,56,2026-01-12 01:35:11.492392
Brno-střed,Brno-střed,Ponava,2016,46,10,56,2026-01-12 01:35:11.492392
Brno-střed,Brno-střed,Ponava,2017,47,10,57,2026-01-12 01:35:11.492392
Brno-střed,Brno-střed,Ponava,2018,48,12,60,2026-01-12 01:35:11.492392
Brno-střed,Brno-střed,Ponava,2019,48,12,60,2026-01-12 01:35:11.492392
Brno-střed,Brno-střed,Ponava,2020,48,12,60,2026-01-12 01:35:11.492392
Brno-střed,Brno-střed,Ponava,2021,49,12,61,2026-01-12 01:35:11.492392
Brno-střed,Brno-střed,Ponava,2022,49,12,61,2026-01-12 01:35:11.492392
Brno-střed,Brno-střed,Ponava,2023,49,12,61,2026-01-12 01:35:11.492392
Brno-střed,Brno-střed,Staré Brno,2010,27,9,36,2026-01-12 01:35:11.492392
Brno-střed,Brno-střed,Staré Brno,2011,27,9,36,2026-01-12 01:35:11.492392
Brno-střed,Brno-střed,Staré Brno,2012,27,9,36,2026-01-12 01:35:11.492392
Brno-střed,Brno-střed,Staré Brno,2013,35,8,43,2026-01-12 01:35:11.492392
Brno-střed,Brno-střed,Staré Brno,2014,36,11,47,2026-01-12 01:35:11.492392
Brno-střed,Brno-střed,Staré Brno,2015,39,9,48,2026-01-12 01:35:11.492392
Brno-střed,Brno-střed,Staré Brno,2016,40,9,49,2026-01-12 01:35:11.492392
Brno-střed,Brno-střed,Staré Brno,2017,46,10,56,2026-01-12 01:35:11.492392
Brno-střed,Brno-střed,Staré Brno,2018,47,12,59,2026-01-12 01:35:11.492392
Brno-střed,Brno-střed,Staré Brno,2019,47,12,59,2026-01-12 01:35:11.492392
Brno-střed,Brno-střed,Staré Brno,2020,47,12,59,2026-01-12 01:35:11.492392
Brno-střed,Brno-střed,Staré Brno,2021,48,12,60,2026-01-12 01:35:11.492392
Brno-střed,Brno-střed,Staré Brno,2022,48,12,60,2026-01-12 01:35:11.492392
Brno-střed,Brno-střed,Staré Brno,2023,48,12,60,2026-01-12 01:35:11.492392
Brno-střed,Brno-střed,Stránice,2010,26,9,35,2026-01-12 01:35:11.492392
Brno-střed,Brno-střed,Stránice,2011,26,9,35,2026-01-12 01:35:11.492392
Brno-střed,Brno-střed,Stránice,2012,26,9,35,2026-01-12 01:35:11.492392
Brno-střed,Brno-střed,Stránice,2013,35,8,43,2026-01-12 01:35:11.492392
Brno-střed,Brno-střed,Stránice,2014,36,11,47,2026-01-12 01:35:11.492392
Brno-střed,Brno-střed,Stránice,2015,42,8,50,2026-01-12 01:35:11.492392
Brno-střed,Brno-střed,Stránice,2016,43,8,51,2026-01-12 01:35:11.492392
Brno-střed,Brno-střed,Stránice,2017,45,12,57,2026-01-12 01:35:11.492392
Brno-střed,Brno-střed,Stránice,2018,50,13,63,2026-01-12 01:35:11.492392
Brno-střed,Brno-střed,Stránice,2019,50,13,63,2026-01-12 01:35:11.492392
Brno-střed,Brno-střed,Stránice,2020,50,13,63,2026-01-12 01:35:11.492392
Brno-střed,Brno-střed,Stránice,2021,51,12,63,2026-01-12 01:35:11.492392
Brno-střed,Brno-střed,Stránice,2022,52,13,65,2026-01-12 01:35:11.492392
Brno-střed,Brno-střed,Stránice,2023,52,13,65,2026-01-12 01:35:11.492392
Brno-střed,Brno-střed,Trnitá,2010,0,0,0,2026-01-12 01:35:11.492392
Brno-střed,Brno-střed,Trnitá,2011,0,0,0,2026-01-12 01:35:11.492392
Brno-střed,Brno-střed,Trnitá,2012,0,0,0,2026-01-12 01:35:11.492392
Brno-střed,Brno-střed,Trnitá,2013,48,9,57,2026-01-12 01:35:11.492392
Brno-střed,Brno-střed,Trnitá,2014,49,10,59,2026-01-12 01:35:11.492392
Brno-střed,Brno-střed,Trnitá,2015,50,10,60,2026-01-12 01:35:11.492392
Brno-střed,Brno-střed,Trnitá,2016,51,10,61,2026-01-12 01:35:11.492392
Brno-střed,Brno-střed,Trnitá,2017,52,11,63,2026-01-12 01:35:11.492392
Brno-střed,Brno-střed,Trnitá,2018,54,15,69,2026-01-12 01:35:11.492392
Brno-střed,Brno-střed,Trnitá,2019,54,15,69,2026-01-12 01:35:11.492392
Brno-střed,Brno-střed,Trnitá,2020,53,15,68,2026-01-12 01:35:11.492392
Brno-střed,Brno-střed,Trnitá,2021,54,14,68,2026-01-12 01:35:11.492392
Brno-střed,Brno-střed,Trnitá,2022,56,15,71,2026-01-12 01:35:11.492392
Brno-střed,Brno-střed,Trnitá,2023,56,15,71,2026-01-12 01:35:11.492392
Brno-střed,Brno-střed,Veveří,2010,22,6,28,2026-01-12 01:35:11.492392
Brno-střed,Brno-střed,Veveří,2011,22,5,27,2026-01-12 01:35:11.492392
Brno-střed,Brno-střed,Veveří,2012,22,5,27,2026-01-12 01:35:11.492392
Brno-střed,Brno-střed,Veveří,2013,23,5,28,2026-01-12 01:35:11.492392
Brno-střed,Brno-střed,Veveří,2014,23,5,28,2026-01-12 01:35:11.492392
Brno-střed,Brno-střed,Veveří,2015,23,4,27,2026-01-12 01:35:11.492392
Brno-střed,Brno-střed,Veveří,2016,25,5,30,2026-01-12 01:35:11.492392
Brno-střed,Brno-střed,Veveří,2017,26,6,32,2026-01-12 01:35:11.492392
Brno-střed,Brno-střed,Veveří,2018,26,8,34,2026-01-12 01:35:11.492392
Brno-střed,Brno-střed,Veveří,2019,26,8,34,2026-01-12 01:35:11.492392
Brno-střed,Brno-střed,Veveří,2020,24,7,31,2026-01-12 01:35:11.492392
Brno-střed,Brno-střed,Veveří,2021,24,7,31,2026-01-12 01:35:11.492392
Brno-střed,Brno-střed,Veveří,2022,26,7,33,2026-01-12 01:35:11.492392
Brno-střed,Brno-střed,Veveří,2023,26,7,33,2026-01-12 01:35:11.492392
Brno-střed,Brno-střed,Zábrdovice,2010,10,6,16,2026-01-12 01:35:11.492392
Brno-střed,Brno-střed,Zábrdovice,2011,9,7,16,2026-01-12 01:35:11.492392
Brno-střed,Brno-střed,Zábrdovice,2012,9,7,16,2026-01-12 01:35:11.492392
Brno-střed,Brno-střed,Zábrdovice,2013,9,7,16,2026-01-12 01:35:11.492392
Brno-střed,Brno-střed,Zábrdovice,2014,9,7,16,2026-01-12 01:35:11.492392
Brno-střed,Brno-střed,Zábrdovice,2015,9,7,16,2026-01-12 01:35:11.492392
Brno-střed,Brno-střed,Zábrdovice,2016,9,7,16,2026-01-12 01:35:11.492392
Brno-střed,Brno-střed,Zábrdovice,2017,10,7,17,2026-01-12 01:35:11.492392
Brno-střed,Brno-střed,Zábrdovice,2018,10,7,17,2026-01-12 01:35:11.492392
Brno-střed,Brno-střed,Zábrdovice,2019,10,7,17,2026-01-12 01:35:11.492392
Brno-střed,Brno-střed,Zábrdovice,2020,9,8,17,2026-01-12 01:35:11.492392
Brno-střed,Brno-střed,Zábrdovice,2021,9,8,17,2026-01-12 01:35:11.492392
Brno-střed,Brno-střed,Zábrdovice,2022,9,8,17,2026-01-12 01:35:11.492392
Brno-střed,Brno-střed,Zábrdovice,2023,9,8,17,2026-01-12 01:35:11.492392
Brno-střed,Brno-střed,Žabovřesky,2010,23,6,29,2026-01-12 01:35:11.492392
Brno-střed,Brno-střed,Žabovřesky,2011,24,6,30,2026-01-12 01:35:11.492392
Brno-střed,Brno-střed,Žabovřesky,2012,23,6,29,2026-01-12 01:35:11.492392
Brno-střed,Brno-střed,Žabovřesky,2013,22,5,27,2026-01-12 01:35:11.492392
Brno-střed,Brno-střed,Žabovřesky,2014,22,5,27,2026-01-12 01:35:11.492392
Brno-střed,Brno-střed,Žabovřesky,2015,22,5,27,2026-01-12 01:35:11.492392
Brno-střed,Brno-střed,Žabovřesky,2016,24,5,29,2026-01-12 01:35:11.492392
Brno-střed,Brno-střed,Žabovřesky,2017,24,5,29,2026-01-12 01:35:11.492392
Brno-střed,Brno-střed,Žabovřesky,2018,24,5,29,2026-01-12 01:35:11.492392
Brno-střed,Brno-střed,Žabovřesky,2019,24,5,29,2026-01-12 01:35:11.492392
Brno-střed,Brno-střed,Žabovřesky,2020,23,6,29,2026-01-12 01:35:11.492392
Brno-střed,Brno-střed,Žabovřesky,2021,23,6,29,2026-01-12 01:35:11.492392
Brno-střed,Brno-střed,Žabovřesky,2022,24,6,30,2026-01-12 01:35:11.492392
Brno-střed,Brno-střed,Žabovřesky,2023,24,6,30,2026-01-12 01:35:11.492392
Brno-střed,Brno-střed,Černá Pole,2010,22,5,27,2026-01-12 01:35:11.492392
Brno-střed,Brno-střed,Černá Pole,2011,22,5,27,2026-01-12 01:35:11.492392
Brno-střed,Brno-střed,Černá Pole,2012,20,5,25,2026-01-12 01:35:11.492392
Brno-střed,Brno-střed,Černá Pole,2013,17,5,22,2026-01-12 01:35:11.492392
Brno-střed,Brno-střed,Černá Pole,2014,16,5,21,2026-01-12 01:35:11.492392
Brno-střed,Brno-střed,Černá Pole,2015,18,7,25,2026-01-12 01:35:11.492392
Brno-střed,Brno-střed,Černá Pole,2016,17,7,24,2026-01-12 01:35:11.492392
Brno-střed,Brno-střed,Černá Pole,2017,18,7,25,2026-01-12 01:35:11.492392
Brno-střed,Brno-střed,Černá Pole,2018,18,7,25,2026-01-12 01:35:11.492392
Brno-střed,Brno-střed,Černá Pole,2019,18,7,25,2026-01-12 01:35:11.492392
Brno-střed,Brno-střed,Černá Pole,2020,18,7,25,2026-01-12 01:35:11.492392
Brno-střed,Brno-střed,Černá Pole,2021,17,9,26,2026-01-12 01:35:11.492392
Brno-střed,Brno-střed,Černá Pole,2022,17,9,26,2026-01-12 01:35:11.492392
Brno-střed,Brno-střed,Černá Pole,2023,17,9,26,2026-01-12 01:35:11.492392
Brno-střed,Brno-střed,Štýřice,2010,22,4,26,2026-01-12 01:35:11.492392
Brno-střed,Brno-střed,Štýřice,2011,22,4,26,2026-01-12 01:35:11.492392
Brno-střed,Brno-střed,Štýřice,2012,22,4,26,2026-01-12 01:35:11.492392
Brno-střed,Brno-střed,Štýřice,2013,23,5,28,2026-01-12 01:35:11.492392
Brno-střed,Brno-střed,Štýřice,2014,23,5,28,2026-01-12 01:35:11.492392
Brno-střed,Brno-střed,Štýřice,2015,23,5,28,2026-01-12 01:35:11.492392
Brno-střed,Brno-střed,Štýřice,2016,24,5,29,2026-01-12 01:35:11.492392
Brno-střed,Brno-střed,Štýřice,2017,24,5,29,2026-01-12 01:35:11.492392
Brno-střed,Brno-střed,Štýřice,2018,24,5,29,2026-01-12 01:35:11.492392
Brno-střed,Brno-střed,Štýřice,2019,24,5,29,2026-01-12 01:35:11.492392
Brno-střed,Brno-střed,Štýřice,2020,24,5,29,2026-01-12 01:35:11.492392
Brno-střed,Brno-střed,Štýřice,2021,24,5,29,2026-01-12 01:35:11.492392
Brno-střed,Brno-střed,Štýřice,2022,24,5,29,2026-01-12 01:35:11.492392
Brno-střed,Brno-střed,Štýřice,2023,24,5,29,2026-01-12 01:35:11.492392
Brno-Žabovřesky,Brno-Žabovřesky,Královo Pole,2010,22,4,26,2026-01-12 01:35:11.492392
Brno-Žabovřesky,Brno-Žabovřesky,Královo Pole,2011,22,4,26,2026-01-12 01:35:11.492392
Brno-Žabovřesky,Brno-Žabovřesky,Královo Pole,2012,22,4,26,2026-01-12 01:35:11.492392
Brno-Žabovřesky,Brno-Žabovřesky,Královo Pole,2013,22,4,26,2026-01-12 01:35:11.492392
Brno-Žabovřesky,Brno-Žabovřesky,Královo Pole,2014,22,4,26,2026-01-12 01:35:11.492392
Brno-Žabovřesky,Brno-Žabovřesky,Královo Pole,2015,22,4,26,2026-01-12 01:35:11.492392
Brno-Žabovřesky,Brno-Žabovřesky,Královo Pole,2016,22,4,26,2026-01-12 01:35:11.492392
Brno-Žabovřesky,Brno-Žabovřesky,Královo Pole,2017,22,4,26,2026-01-12 01:35:11.492392
Brno-Žabovřesky,Brno-Žabovřesky,Královo Pole,2018,22,4,26,2026-01-12 01:35:11.492392
Brno-Žabovřesky,Brno-Žabovřesky,Královo Pole,2019,22,4,26,2026-01-12 01:35:11.492392
Brno-Žabovřesky,Brno-Žabovřesky,Královo Pole,2020,22,4,26,2026-01-12 01:35:11.492392
Brno-Žabovřesky,Brno-Žabovřesky,Královo Pole,2021,22,4,26,2026-01-12 01:35:11.492392
Brno-Žabovřesky,Brno-Žabovřesky,Královo Pole,2022,22,4,26,2026-01-12 01:35:11.492392
Brno-Žabovřesky,Brno-Žabovřesky,Královo Pole,2023,22,4,26,2026-01-12 01:35:11.492392
Brno-Žabovřesky,Brno-Žabovřesky,Veveří,2010,16,6,22,2026-01-12 01:35:11.492392
Brno-Žabovřesky,Brno-Žabovřesky,Veveří,2011,17,5,22,2026-01-12 01:35:11.492392
Brno-Žabovřesky,Brno-Žabovřesky,Veveří,2012,17,5,22,2026-01-12 01:35:11.492392
Brno-Žabovřesky,Brno-Žabovřesky,Veveří,2013,16,5,21,2026-01-12 01:35:11.492392
Brno-Žabovřesky,Brno-Žabovřesky,Veveří,2014,16,5,21,2026-01-12 01:35:11.492392
Brno-Žabovřesky,Brno-Žabovřesky,Veveří,2015,16,5,21,2026-01-12 01:35:11.492392
Brno-Žabovřesky,Brno-Žabovřesky,Veveří,2016,14,7,21,2026-01-12 01:35:11.492392
Brno-Žabovřesky,Brno-Žabovřesky,Veveří,2017,14,7,21,2026-01-12 01:35:11.492392
Brno-Žabovřesky,Brno-Žabovřesky,Veveří,2018,14,7,21,2026-01-12 01:35:11.492392
Brno-Žabovřesky,Brno-Žabovřesky,Veveří,2019,14,7,21,2026-01-12 01:35:11.492392
Brno-Žabovřesky,Brno-Žabovřesky,Veveří,2020,14,7,21,2026-01-12 01:35:11.492392
Brno-Žabovřesky,Brno-Žabovřesky,Veveří,2021,14,7,21,2026-01-12 01:35:11.492392
Brno-Žabovřesky,Brno-Žabovřesky,Veveří,2022,12,11,23,2026-01-12 01:35:11.492392
Brno-Žabovřesky,Brno-Žabovřesky,Veveří,2023,12,11,23,2026-01-12 01:35:11.492392
Brno-Žabovřesky,Brno-Žabovřesky,Žabovřesky,2010,13,5,18,2026-01-12 01:35:11.492392
Brno-Žabovřesky,Brno-Žabovřesky,Žabovřesky,2011,13,5,18,2026-01-12 01:35:11.492392
Brno-Žabovřesky,Brno-Žabovřesky,Žabovřesky,2012,13,5,18,2026-01-12 01:35:11.492392
Brno-Žabovřesky,Brno-Žabovřesky,Žabovřesky,2013,12,5,17,2026-01-12 01:35:11.492392
Brno-Žabovřesky,Brno-Žabovřesky,Žabovřesky,2014,11,5,16,2026-01-12 01:35:11.492392
Brno-Žabovřesky,Brno-Žabovřesky,Žabovřesky,2015,11,5,16,2026-01-12 01:35:11.492392
Brno-Žabovřesky,Brno-Žabovřesky,Žabovřesky,2016,10,7,17,2026-01-12 01:35:11.492392
Brno-Žabovřesky,Brno-Žabovřesky,Žabovřesky,2017,10,7,17,2026-01-12 01:35:11.492392
Brno-Žabovřesky,Brno-Žabovřesky,Žabovřesky,2018,10,7,17,2026-01-12 01:35:11.492392
Brno-Žabovřesky,Brno-Žabovřesky,Žabovřesky,2019,10,7,17,2026-01-12 01:35:11.492392
Brno-Žabovřesky,Brno-Žabovřesky,Žabovřesky,2020,10,6,16,2026-01-12 01:35:11.492392
Brno-Žabovřesky,Brno-Žabovřesky,Žabovřesky,2021,10,6,16,2026-01-12 01:35:11.492392
Brno-Žabovřesky,Brno-Žabovřesky,Žabovřesky,2022,10,8,18,2026-01-12 01:35:11.492392
Brno-Žabovřesky,Brno-Žabovřesky,Žabovřesky,2023,10,8,18,2026-01-12 01:35:11.492392
Brno-Žebětín,Brno-Žebětín,Bystrc,2010,6,4,10,2026-01-12 01:35:11.492392
Brno-Žebětín,Brno-Žebětín,Bystrc,2011,6,4,10,2026-01-12 01:35:11.492392
Brno-Žebětín,Brno-Žebětín,Bystrc,2012,6,4,10,2026-01-12 01:35:11.492392
Brno-Žebětín,Brno-Žebětín,Bystrc,2013,5,4,9,2026-01-12 01:35:11.492392
Brno-Žebětín,Brno-Žebětín,Bystrc,2014,5,4,9,2026-01-12 01:35:11.492392
Brno-Žebětín,Brno-Žebětín,Bystrc,2015,5,4,9,2026-01-12 01:35:11.492392
Brno-Žebětín,Brno-Žebětín,Bystrc,2016,6,6,12,2026-01-12 01:35:11.492392
Brno-Žebětín,Brno-Žebětín,Bystrc,2017,6,6,12,2026-01-12 01:35:11.492392
Brno-Žebětín,Brno-Žebětín,Bystrc,2018,6,6,12,2026-01-12 01:35:11.492392
Brno-Žebětín,Brno-Žebětín,Bystrc,2019,6,6,12,2026-01-12 01:35:11.492392
Brno-Žebětín,Brno-Žebětín,Bystrc,2020,5,5,10,2026-01-12 01:35:11.492392
Brno-Žebětín,Brno-Žebětín,Bystrc,2021,5,5,10,2026-01-12 01:35:11.492392
Brno-Žebětín,Brno-Žebětín,Bystrc,2022,5,7,12,2026-01-12 01:35:11.492392
Brno-Žebětín,Brno-Žebětín,Bystrc,2023,5,7,12,2026-01-12 01:35:11.492392
Brno-Žebětín,Brno-Žebětín,Žebětín,2010,3,5,8,2026-01-12 01:35:11.492392
Brno-Žebětín,Brno-Žebětín,Žebětín,2011,3,5,8,2026-01-12 01:35:11.492392
Brno-Žebětín,Brno-Žebětín,Žebětín,2012,3,5,8,2026-01-12 01:35:11.492392
Brno-Žebětín,Brno-Žebětín,Žebětín,2013,3,5,8,2026-01-12 01:35:11.492392
Brno-Žebětín,Brno-Žebětín,Žebětín,2014,3,5,8,2026-01-12 01:35:11.492392
Brno-Žebětín,Brno-Žebětín,Žebětín,2015,3,5,8,2026-01-12 01:35:11.492392
Brno-Žebětín,Brno-Žebětín,Žebětín,2016,3,5,8,2026-01-12 01:35:11.492392
Brno-Žebětín,Brno-Žebětín,Žebětín,2017,3,5,8,2026-01-12 01:35:11.492392
Brno-Žebětín,Brno-Žebětín,Žebětín,2018,3,5,8,2026-01-12 01:35:11.492392
Brno-Žebětín,Brno-Žebětín,Žebětín,2019,2,4,6,2026-01-12 01:35:11.492392
Brno-Žebětín,Brno-Žebětín,Žebětín,2020,2,4,6,2026-01-12 01:35:11.492392
Brno-Žebětín,Brno-Žebětín,Žebětín,2021,2,4,6,2026-01-12 01:35:11.492392
Brno-Žebětín,Brno-Žebětín,Žebětín,2022,3,7,10,2026-01-12 01:35:11.492392
Brno-Žebětín,Brno-Žebětín,Žebětín,2023,3,7,10,2026-01-12 01:35:11.492392
Brno-Černovice,Brno-Černovice,Černovice,2010,1,5,6,2026-01-12 01:35:11.492392
Brno-Černovice,Brno-Černovice,Černovice,2011,1,5,6,2026-01-12 01:35:11.492392
Brno-Černovice,Brno-Černovice,Černovice,2012,1,5,6,2026-01-12 01:35:11.492392
Brno-Černovice,Brno-Černovice,Černovice,2013,1,5,6,2026-01-12 01:35:11.492392
Brno-Černovice,Brno-Černovice,Černovice,2014,1,5,6,2026-01-12 01:35:11.492392
Brno-Černovice,Brno-Černovice,Černovice,2015,1,13,14,2026-01-12 01:35:11.492392
Brno-Černovice,Brno-Černovice,Černovice,2016,1,13,14,2026-01-12 01:35:11.492392
Brno-Černovice,Brno-Černovice,Černovice,2017,1,13,14,2026-01-12 01:35:11.492392
Brno-Černovice,Brno-Černovice,Černovice,2018,1,13,14,2026-01-12 01:35:11.492392
Brno-Černovice,Brno-Černovice,Černovice,2019,1,60,61,2026-01-12 01:35:11.492392
Brno-Černovice,Brno-Černovice,Černovice,2020,1,60,61,2026-01-12 01:35:11.492392
Brno-Černovice,Brno-Černovice,Černovice,2021,1,60,61,2026-01-12 01:35:11.492392
Brno-Černovice,Brno-Černovice,Černovice,2022,1,60,61,2026-01-12 01:35:11.492392
Brno-Černovice,Brno-Černovice,Černovice,2023,1,60,61,2026-01-12 01:35:11.492392
Brno-Černovice,Brno-Černovice,Židenice,2010,3,4,7,2026-01-12 01:35:11.492392
Brno-Černovice,Brno-Černovice,Židenice,2011,3,4,7,2026-01-12 01:35:11.492392
Brno-Černovice,Brno-Černovice,Židenice,2012,3,4,7,2026-01-12 01:35:11.492392
Brno-Černovice,Brno-Černovice,Židenice,2013,3,4,7,2026-01-12 01:35:11.492392
Brno-Černovice,Brno-Černovice,Židenice,2014,3,4,7,2026-01-12 01:35:11.492392
Brno-Černovice,Brno-Černovice,Židenice,2015,3,4,7,2026-01-12 01:35:11.492392
Brno-Černovice,Brno-Černovice,Židenice,2016,3,4,7,2026-01-12 01:35:11.492392
Brno-Černovice,Brno-Černovice,Židenice,2017,3,4,7,2026-01-12 01:35:11.492392
Brno-Černovice,Brno-Černovice,Židenice,2018,3,4,7,2026-01-12 01:35:11.492392
Brno-Černovice,Brno-Černovice,Židenice,2019,3,4,7,2026-01-12 01:35:11.492392
Brno-Černovice,Brno-Černovice,Židenice,2020,3,4,7,2026-01-12 01:35:11.492392
Brno-Černovice,Brno-Černovice,Židenice,2021,3,8,11,2026-01-12 01:35:11.492392
Brno-Černovice,Brno-Černovice,Židenice,2022,2,8,10,2026-01-12 01:35:11.492392
Brno-Černovice,Brno-Černovice,Židenice,2023,2,8,10,2026-01-12 01:35:11.492392
Brno-Řečkovice a Mokrá Hora,Brno-Řečkovice a Mokrá Hora,Ivanovice,2010,7,8,15,2026-01-12 01:35:11.492392
Brno-Řečkovice a Mokrá Hora,Brno-Řečkovice a Mokrá Hora,Ivanovice,2011,8,9,17,2026-01-12 01:35:11.492392
Brno-Řečkovice a Mokrá Hora,Brno-Řečkovice a Mokrá Hora,Ivanovice,2012,8,9,17,2026-01-12 01:35:11.492392
Brno-Řečkovice a Mokrá Hora,Brno-Řečkovice a Mokrá Hora,Ivanovice,2013,7,8,15,2026-01-12 01:35:11.492392
Brno-Řečkovice a Mokrá Hora,Brno-Řečkovice a Mokrá Hora,Ivanovice,2014,8,8,16,2026-01-12 01:35:11.492392
Brno-Řečkovice a Mokrá Hora,Brno-Řečkovice a Mokrá Hora,Ivanovice,2015,10,9,19,2026-01-12 01:35:11.492392
Brno-Řečkovice a Mokrá Hora,Brno-Řečkovice a Mokrá Hora,Ivanovice,2016,10,9,19,2026-01-12 01:35:11.492392
Brno-Řečkovice a Mokrá Hora,Brno-Řečkovice a Mokrá Hora,Ivanovice,2017,10,9,19,2026-01-12 01:35:11.492392
Brno-Řečkovice a Mokrá Hora,Brno-Řečkovice a Mokrá Hora,Ivanovice,2018,10,5,15,2026-01-12 01:35:11.492392
Brno-Řečkovice a Mokrá Hora,Brno-Řečkovice a Mokrá Hora,Ivanovice,2019,10,5,15,2026-01-12 01:35:11.492392
Brno-Řečkovice a Mokrá Hora,Brno-Řečkovice a Mokrá Hora,Ivanovice,2020,10,5,15,2026-01-12 01:35:11.492392
Brno-Řečkovice a Mokrá Hora,Brno-Řečkovice a Mokrá Hora,Ivanovice,2021,10,5,15,2026-01-12 01:35:11.492392
Brno-Řečkovice a Mokrá Hora,Brno-Řečkovice a Mokrá Hora,Ivanovice,2022,11,8,19,2026-01-12 01:35:11.492392
Brno-Řečkovice a Mokrá Hora,Brno-Řečkovice a Mokrá Hora,Ivanovice,2023,12,9,21,2026-01-12 01:35:11.492392
Brno-Řečkovice a Mokrá Hora,Brno-Řečkovice a Mokrá Hora,Mokrá Hora,2010,4,4,8,2026-01-12 01:35:11.492392
Brno-Řečkovice a Mokrá Hora,Brno-Řečkovice a Mokrá Hora,Mokrá Hora,2011,5,4,9,2026-01-12 01:35:11.492392
Brno-Řečkovice a Mokrá Hora,Brno-Řečkovice a Mokrá Hora,Mokrá Hora,2012,5,4,9,2026-01-12 01:35:11.492392
Brno-Řečkovice a Mokrá Hora,Brno-Řečkovice a Mokrá Hora,Mokrá Hora,2013,4,4,8,2026-01-12 01:35:11.492392
Brno-Řečkovice a Mokrá Hora,Brno-Řečkovice a Mokrá Hora,Mokrá Hora,2014,4,4,8,2026-01-12 01:35:11.492392
Brno-Řečkovice a Mokrá Hora,Brno-Řečkovice a Mokrá Hora,Mokrá Hora,2015,4,4,8,2026-01-12 01:35:11.492392
Brno-Řečkovice a Mokrá Hora,Brno-Řečkovice a Mokrá Hora,Mokrá Hora,2016,4,4,8,2026-01-12 01:35:11.492392
Brno-Řečkovice a Mokrá Hora,Brno-Řečkovice a Mokrá Hora,Mokrá Hora,2017,4,4,8,2026-01-12 01:35:11.492392
Brno-Řečkovice a Mokrá Hora,Brno-Řečkovice a Mokrá Hora,Mokrá Hora,2018,4,4,8,2026-01-12 01:35:11.492392
Brno-Řečkovice a Mokrá Hora,Brno-Řečkovice a Mokrá Hora,Mokrá Hora,2019,4,4,8,2026-01-12 01:35:11.492392
Brno-Řečkovice a Mokrá Hora,Brno-Řečkovice a Mokrá Hora,Mokrá Hora,2020,4,4,8,2026-01-12 01:35:11.492392
Brno-Řečkovice a Mokrá Hora,Brno-Řečkovice a Mokrá Hora,Mokrá Hora,2021,4,10,14,2026-01-12 01:35:11.492392
Brno-Řečkovice a Mokrá Hora,Brno-Řečkovice a Mokrá Hora,Mokrá Hora,2022,3,10,13,2026-01-12 01:35:11.492392
Brno-Řečkovice a Mokrá Hora,Brno-Řečkovice a Mokrá Hora,Mokrá Hora,2023,3,10,13,2026-01-12 01:35:11.492392
Brno-Řečkovice a Mokrá Hora,Brno-Řečkovice a Mokrá Hora,Řečkovice,2010,9,4,13,2026-01-12 01:35:11.492392
Brno-Řečkovice a Mokrá Hora,Brno-Řečkovice a Mokrá Hora,Řečkovice,2011,10,4,14,2026-01-12 01:35:11.492392
Brno-Řečkovice a Mokrá Hora,Brno-Řečkovice a Mokrá Hora,Řečkovice,2012,10,4,14,2026-01-12 01:35:11.492392
Brno-Řečkovice a Mokrá Hora,Brno-Řečkovice a Mokrá Hora,Řečkovice,2013,10,4,14,2026-01-12 01:35:11.492392
Brno-Řečkovice a Mokrá Hora,Brno-Řečkovice a Mokrá Hora,Řečkovice,2014,10,4,14,2026-01-12 01:35:11.492392
Brno-Řečkovice a Mokrá Hora,Brno-Řečkovice a Mokrá Hora,Řečkovice,2015,10,4,14,2026-01-12 01:35:11.492392
Brno-Řečkovice a Mokrá Hora,Brno-Řečkovice a Mokrá Hora,Řečkovice,2016,9,8,17,2026-01-12 01:35:11.492392
Brno-Řečkovice a Mokrá Hora,Brno-Řečkovice a Mokrá Hora,Řečkovice,2017,9,8,17,2026-01-12 01:35:11.492392
Brno-Řečkovice a Mokrá Hora,Brno-Řečkovice a Mokrá Hora,Řečkovice,2018,9,8,17,2026-01-12 01:35:11.492392
Brno-Řečkovice a Mokrá Hora,Brno-Řečkovice a Mokrá Hora,Řečkovice,2019,9,8,17,2026-01-12 01:35:11.492392
Brno-Řečkovice a Mokrá Hora,Brno-Řečkovice a Mokrá Hora,Řečkovice,2020,9,6,15,2026-01-12 01:35:11.492392
Brno-Řečkovice a Mokrá Hora,Brno-Řečkovice a Mokrá Hora,Řečkovice,2021,10,8,18,2026-01-12 01:35:11.492392
Brno-Řečkovice a Mokrá Hora,Brno-Řečkovice a Mokrá Hora,Řečkovice,2022,10,8,18,2026-01-12 01:35:11.492392
Brno-Řečkovice a Mokrá Hora,Brno-Řečkovice a Mokrá Hora,Řečkovice,2023,10,8,18,2026-01-12 01:35:11.492392
Brno-Židenice,Brno-Židenice,Zábrdovice,2010,17,4,21,2026-01-12 01:35:11.492392
Brno-Židenice,Brno-Židenice,Zábrdovice,2011,17,4,21,2026-01-12 01:35:11.492392
Brno-Židenice,Brno-Židenice,Zábrdovice,2012,18,4,22,2026-01-12 01:35:11.492392
Brno-Židenice,Brno-Židenice,Zábrdovice,2013,16,4,20,2026-01-12 01:35:11.492392
Brno-Židenice,Brno-Židenice,Zábrdovice,2014,15,4,19,2026-01-12 01:35:11.492392
Brno-Židenice,Brno-Židenice,Zábrdovice,2015,15,4,19,2026-01-12 01:35:11.492392
Brno-Židenice,Brno-Židenice,Zábrdovice,2016,14,7,21,2026-01-12 01:35:11.492392
Brno-Židenice,Brno-Židenice,Zábrdovice,2017,14,7,21,2026-01-12 01:35:11.492392
Brno-Židenice,Brno-Židenice,Zábrdovice,2018,14,7,21,2026-01-12 01:35:11.492392
Brno-Židenice,Brno-Židenice,Zábrdovice,2019,14,7,21,2026-01-12 01:35:11.492392
Brno-Židenice,Brno-Židenice,Zábrdovice,2020,14,5,19,2026-01-12 01:35:11.492392
Brno-Židenice,Brno-Židenice,Zábrdovice,2021,14,5,19,2026-01-12 01:35:11.492392
Brno-Židenice,Brno-Židenice,Zábrdovice,2022,13,10,23,2026-01-12 01:35:11.492392
Brno-Židenice,Brno-Židenice,Zábrdovice,2023,13,10,23,2026-01-12 01:35:11.492392
Brno-Židenice,Brno-Židenice,Židenice,2010,8,10,18,2026-01-12 01:35:11.492392
Brno-Židenice,Brno-Židenice,Židenice,2011,8,10,18,2026-01-12 01:35:11.492392
Brno-Židenice,Brno-Židenice,Židenice,2012,8,10,18,2026-01-12 01:35:11.492392
Brno-Židenice,Brno-Židenice,Židenice,2013,6,8,14,2026-01-12 01:35:11.492392
Brno-Židenice,Brno-Židenice,Židenice,2014,6,8,14,2026-01-12 01:35:11.492392
Brno-Židenice,Brno-Židenice,Židenice,2015,6,8,14,2026-01-12 01:35:11.492392
Brno-Židenice,Brno-Židenice,Židenice,2016,6,9,15,2026-01-12 01:35:11.492392
Brno-Židenice,Brno-Židenice,Židenice,2017,6,9,15,2026-01-12 01:35:11.492392
Brno-Židenice,Brno-Židenice,Židenice,2018,6,9,15,2026-01-12 01:35:11.492392
Brno-Židenice,Brno-Židenice,Židenice,2019,6,9,15,2026-01-12 01:35:11.492392
Brno-Židenice,Brno-Židenice,Židenice,2020,6,9,15,2026-01-12 01:35:11.492392
Brno-Židenice,Brno-Židenice,Židenice,2021,6,5,11,2026-01-12 01:35:11.492392
Brno-Židenice,Brno-Židenice,Židenice,2022,6,5,11,2026-01-12 01:35:11.492392
Brno-Židenice,Brno-Židenice,Židenice,2023,6,5,11,2026-01-12 01:35:11.492392
BRNO_TEST,TEST_DISTRICT,CENTER,2010,9,6,15,2026-01-12 01:37:55.586144
BRNO_TEST,TEST_DISTRICT,CENTER,2011,9,6,15,2026-01-12 01:37:55.586144
BRNO_TEST,TEST_DISTRICT,CENTER,2012,9,6,15,2026-01-12 01:37:55.586144
BRNO_TEST,TEST_DISTRICT,CENTER,2013,8,6,14,2026-01-12 01:37:55.586144
BRNO_TEST,TEST_DISTRICT,CENTER,2014,8,6,14,2026-01-12 01:37:55.586144
BRNO_TEST,TEST_DISTRICT,CENTER,2015,8,6,14,2026-01-12 01:37:55.586144
BRNO_TEST,TEST_DISTRICT,CENTER,2016,8,6,14,2026-01-12 01:37:55.586144
BRNO_TEST,TEST_DISTRICT,CENTER,2017,8,6,14,2026-01-12 01:37:55.586144
BRNO_TEST,TEST_DISTRICT,CENTER,2018,8,6,14,2026-01-12 01:37:55.586144
BRNO_TEST,TEST_DISTRICT,CENTER,2019,8,6,14,2026-01-12 01:37:55.586144
BRNO_TEST,TEST_DISTRICT,CENTER,2020,8,6,14,2026-01-12 01:37:55.586144
BRNO_TEST,TEST_DISTRICT,CENTER,2021,9,5,14,2026-01-12 01:37:55.586144
BRNO_TEST,TEST_DISTRICT,CENTER,2022,9,5,14,2026-01-12 01:37:55.586144
BRNO_TEST,TEST_DISTRICT,CENTER,2023,9,5,14,2026-01-12 01:37:55.586144
